1783777736	3200
1783777741	4674016
1783777746	5853616
1783777751	6537104
1783777756	4528288
1783777761	4228288
1783777766	2164816
1783777771	7013088
1783777776	7169792
1783777781	4347680
1783777786	5325296
1783777791	7196352
1783777796	4773664
1783777801	3133568
1783777806	7946944
1783777811	10530640
1783777816	1622768
1783777821	5868160
1783777826	7475792
1783777831	10222448
1783777836	4326080
1783777841	7813744
1783777846	9386768
1783777851	2893728
1783777856	7524608
1783777861	8667536
1783777866	7717072
1783777872	6855216
1783777877	7744112
1783777882	5553888
1783777887	6992160
1783777892	7500640
1783777897	11093616
1783777902	4736976
1783777907	7674208
1783777912	10988512
1783777917	4059088
1783777922	7954832
1783777927	7976432
1783777932	7098288
1783777937	8350336
1783777942	7185264
1783777947	9823920
1783777952	6950768
1783777957	8162256
1783777962	9894208
1783777967	6666464
1783777972	9075024
1783777977	9833680
1783777982	6720048
1783777987	8195616
1783777992	8643168
1783777997	10396592
1783778002	9369376
1783778007	9458944
1783778012	9294064
1783778017	8581232
1783778022	9902832
1783778028	7622416
1783778033	9379840
1783778038	5002432
1783778043	8129984
1783778048	8374880
1783778053	6206000
1783778058	9470480
1783778063	9175520
1783778068	9542256
1783778073	8210064
1783778078	9158848
1783778083	10459504
1783778088	7326512
1783778093	9323776
1783778098	7831984
1783778103	5267872
1783778108	8382400
1783778113	8139632
1783778118	10008448
1783778123	8685248
1783778128	8940080
1783778133	9637152
1783778138	6379536
1783778143	6982704
1783778148	7903312
1783778153	8470560
1783778158	5058464
1783778163	7625088
1783778168	10673136
1783778174	4180656
1783778179	8155648
1783778184	10326864
1783778189	3566224
1783778194	7469536
1783778199	7213568
1783778204	4497376
1783778209	5742096
1783778214	7241824
1783778219	11248912
1783778224	4518224
1783778229	8020208
1783778234	7515648
1783778239	8255280
1783778244	6455392
1783778249	8141824
1783778254	9767280
1783778259	4619520
1783778264	7806064
1783778269	9710736
1783778274	4147312
1783778279	6906848
1783778285	7936688
1783778290	4410064
1783778295	4897200
1783778300	6982816
1783778305	10086320
1783778310	6149104
1783778315	8175040
1783778320	10274176
1783778325	7067920
1783778330	7487840
1783778335	9557312
1783778340	6477312
1783778345	8296560
1783778350	8262864
1783778355	9685312
1783778360	8383008
1783778365	8018272
1783778370	8451840
1783778375	8494704
1783778380	9178160
1783778385	9233840
1783778390	8468000
1783778395	8932416
1783778400	8084656
1783778405	8718288
1783778410	7632320
1783778415	7920144
1783778421	8667168
1783778426	7486048
1783778431	10500832
1783778436	7916384
1783778441	10427408
1783778446	7899184
1783778451	6064912
1783778456	8622768
1783778461	7660256
1783778466	10394032
1783778471	7742256
1783778476	7222464
1783778481	8283664
1783778486	7125648
1783778491	7997104
1783778496	10404416
1783778501	6744432
1783778506	7585408
1783778511	8115680
1783778516	7084224
1783778521	7971632
1783778526	8731696
1783778531	9898160
1783778536	7418608
1783778541	8764384
1783778546	7486528
1783778552	9503712
1783778557	8602224
1783778562	8878624
1783778567	9903088
1783778572	10242608
1783778577	8187568
1783778582	9467792
1783778587	10809456
1783778592	6931040
1783778597	9498816
1783778602	7921264
1783778607	7038240
1783778612	8331008
1783778617	8040128
1783778622	7431056
1783778627	8765648
1783778632	7631152
1783778637	8650960
1783778642	6344752
1783778647	9617392
1783778652	8088096
1783778657	5559952
1783778662	9149712
1783778667	7354960
1783778672	8823456
1783778677	7783744
1783778682	6620752
1783778687	8224976
1783778693	7424576
1783778698	10146848
1783778703	8194512
1783778708	6406496
1783778713	9319088
1783778718	8172928
1783778723	6330416
1783778728	10168880
1783778733	8596704
1783778738	10434464
1783778743	8616912
1783778748	9092128
1783778753	10100064
1783778758	7695040
1783778763	8913312
1783778768	8639440
1783778773	10077504
1783778778	9738784
1783778783	4539808
1783778788	5911264
1783778793	5304784
1783778799	2637920
1783778804	10589024
1783778809	12037424
1783778814	9413360
1783778819	8429648
1783778824	7014480
1783778829	3305680
1783778834	4942864
1783778839	3967392
1783778844	7479008
1783778849	8026560
1783778854	8861552
1783778859	7140160
1783778864	9197904
1783778869	7381056
1783778875	6350496
1783778880	8029968
1783778885	7817456
1783778890	6046320
1783778895	9328272
1783778900	7779664
1783778905	9702368
1783778910	8882576
1783778915	6957568
1783778920	9026928
1783778925	7362208
1783778930	9550240
1783778935	8831472
1783778940	7579408
1783778945	9953120
1783778950	7028112
1783778955	7846880
1783778960	7288736
1783778965	6147088
1783778970	7557808
1783778975	7388144
1783778980	7340032
1783778985	7746720
1783778990	8895776
1783778995	7637248
1783779000	8556176
1783779005	9699888
1783779010	6510848
1783779015	7074176
1783779021	7035776
1783779026	6695632
1783779031	8532512
1783779036	7792160
1783779041	6437904
1783779046	7922208
1783779051	8422832
1783779056	10524496
1783779061	6697136
1783779066	7774816
1783779071	8405648
1783779076	11079808
1783779081	8005424
1783779086	7552768
1783779091	10131120
1783779096	8457648
1783779101	9926704
1783779106	9517200
1783779111	8107344
1783779116	8455632
1783779121	8420528
1783779126	8453648
1783779131	9622896
1783779136	8266784
1783779141	9881696
1783779146	9428832
1783779151	9081232
1783779156	8239328
1783779161	8179392
1783779167	8650544
1783779172	7935968
1783779177	8933408
1783779182	8538416
1783779187	7071408
1783779192	8094016
1783779197	8657360
1783779202	6593776
1783779207	7837536
1783779212	7868144
1783779217	6582832
1783779222	9659568
1783779227	8605232
1783779232	8137936
1783779237	8478256
1783779242	8699680
1783779247	7053424
1783779252	8320272
1783779257	9052640
1783779262	9563632
1783779267	8356320
1783779272	8219040
1783779277	8009872
1783779282	9557008
1783779287	7941504
1783779292	7993936
1783779297	11477712
1783779302	7864384
1783779307	6644848
1783779312	11078176
1783779318	6992224
1783779323	9473040
1783779328	9190400
1783779333	7075184
1783779338	8205088
1783779343	10406560
1783779348	10101680
1783779353	9657424
1783779358	8931456
1783779363	10491776
1783779368	7967328
1783779373	8134224
1783779378	8069248
1783779383	8012512
1783779388	9034256
1783779393	10082368
1783779398	7630832
1783779403	10643872
1783779408	9168736
1783779413	8828320
1783779418	10085712
1783779423	9020816
1783779428	10514800
1783779433	8311808
1783779438	9169760
1783779443	10436992
1783779448	8091968
1783779453	9382208
1783779459	10510816
1783779464	7568960
1783779469	9269552
1783779474	10841280
1783779479	9672016
1783779484	9112448
1783779489	10448576
1783779494	8424416
1783779499	7463776
1783779504	8623264
1783779509	8328272
1783779514	7583696
1783779519	9036848
1783779524	8981696
1783779529	8851920
1783779534	6732816
1783779539	10501088
1783779544	9021648
1783779549	6247968
1783779554	10397056
1783779559	9358592
1783779564	10231712
1783779569	9566160
1783779574	9578032
1783779579	9705056
1783779584	7682736
1783779589	10747728
1783779594	9017152
1783779600	10483632
1783779605	8547360
1783779610	10766880
1783779615	10840640
1783779620	8353216
1783779625	10432832
1783779630	8773536
1783779635	5103840
1783779640	8625568
1783779645	10109360
1783779650	10280736
1783779655	7344272
1783779660	9715536
1783779665	8788016
1783779670	7499808
1783779675	9413616
1783779680	8931792
1783779685	11111424
1783779690	9854704
1783779695	9694512
1783779700	8788192
1783779705	10058064
1783779710	9210512
1783779715	8254704
1783779720	9551808
1783779725	9533232
1783779730	9137776
1783779736	10869280
1783779741	10230032
1783779746	8307568
1783779751	9435584
1783779756	10060480
1783779761	11015792
1783779766	8729632
1783779771	7854480
1783779776	9504064
1783779781	8677856
1783779786	10065376
1783779791	9417648
1783779796	9137136
1783779801	11100672
1783779806	7831616
1783779811	9614288
1783779816	8760944
1783779821	6754352
1783779826	10840880
1783779831	9654784
1783779836	9388512
1783779841	9852400
1783779846	9291408
1783779851	10416912
1783779856	9826928
1783779861	10083328
1783779866	9947040
1783779872	9139760
1783779877	9632224
1783779882	9707984
1783779887	10147520
1783779892	10351296
1783779897	10073856
1783779902	8965200
1783779907	11112928
1783779912	9255648
1783779917	11339552
1783779922	10283696
1783779927	10056928
1783779932	9951056
1783779937	9132528
1783779942	9800400
1783779947	9488256
1783779952	8392384
1783779957	11040720
1783779962	9214864
1783779967	10596848
1783779972	10318560
1783779977	9597120
1783779982	9159696
1783779987	10385184
1783779992	10315328
1783779997	9629072
1783780002	9204208
1783780008	9880304
1783780013	9758576
1783780018	9094400
1783780023	11229600
1783780028	9161776
1783780033	10835520
1783780038	11336128
1783780043	10204864
1783780048	10383328
1783780053	11243120
1783780058	10016192
1783780063	8937712
1783780068	10441696
1783780073	9270400
1783780078	10521920
1783780083	9390720
1783780088	10448576
1783780093	9456912
1783780098	9511744
1783780103	8988368
1783780108	9380640
1783780113	9365568
1783780118	10035856
1783780123	10701296
1783780128	10210240
1783780133	9325984
1783780139	11086816
1783780144	11135440
1783780149	10307120
1783780154	11188064
1783780159	10180656
1783780164	10254832
1783780169	10096944
1783780174	8863168
1783780179	11353248
1783780184	10555824
1783780189	6054928
1783780194	10484128
1783780199	9663216
1783780204	7012432
1783780209	7411216
1783780214	10628400
1783780219	8864960
1783780224	7508176
1783780229	9412352
1783780234	9119904
1783780239	7032896
1783780244	9612528
1783780249	8783024
1783780254	11789472
1783780259	8235040
1783780264	8412032
1783780269	10703536
1783780275	8169760
1783780280	9283712
1783780285	10637680
1783780290	7499952
1783780295	9213728
1783780300	9670592
1783780305	9177024
1783780310	9871760
1783780315	9521584
1783780320	9859968
1783780325	8903664
1783780330	10032640
1783780335	9373440
1783780340	7526544
1783780345	10117088
1783780350	9042464
1783780355	9971744
1783780360	10885280
1783780365	10204096
1783780370	11206304
1783780375	10419248
1783780380	9944016
1783780385	9954160
1783780390	10691568
1783780395	10275328
1783780400	11419312
1783780406	8452896
1783780411	9262208
1783780416	11600208
1783780421	9686640
1783780426	8667696
1783780431	9183696
1783780436	9277072
1783780441	11649440
1783780446	9092288
1783780451	8835648
1783780456	10087904
1783780461	9307216
1783780466	8769216
1783780471	10255136
1783780476	8336944
1783780481	10457344
1783780486	11577728
1783780491	7970112
1783780496	8959168
1783780501	10360320
1783780506	10795824
1783780511	11365840
1783780516	10557280
1783780521	9796912
1783780526	9800880
1783780531	9214992
1783780536	10525648
1783780542	5684848
1783780547	7730912
1783780552	6260336
1783780557	4609232
1783780562	3488832
1783780567	6368528
1783780572	7010416
1783780577	4043424
1783780582	4413712
1783780587	4391184
1783780592	4873776
1783780598	11188672
1783780603	5454400
1783780608	6712752
1783780613	8678432
1783780618	7675184
1783780623	9857968
1783780628	7453680
1783780633	8182512
1783780638	8992256
1783780643	7428656
1783780648	10116608
1783780653	8269536
1783780658	7819968
1783780663	10766912
1783780668	7683360
1783780673	7655680
1783780678	9191104
1783780683	4976576
1783780688	7852592
1783780693	7782992
1783780698	4854352
1783780703	7906768
1783780709	8235776
1783780714	10695552
1783780719	6715088
1783780724	7169792
1783780729	8391712
1783780734	8990656
1783780739	9025792
1783780744	8185856
1783780749	8941184
1783780754	9097680
1783780759	9051696
1783780764	8096656
1783780769	6678144
1783780774	9169296
1783780779	8452368
1783780784	10168720
1783780789	7978384
1783780794	8030608
1783780799	9924784
1783780804	8763920
1783780809	7342192
1783780814	9132560
1783780819	8214704
1783780824	7981296
1783780829	10114336
1783780834	9818592
1783780839	8120576
1783780844	10235744
1783780849	8708848
1783780855	8370848
1783780860	10211056
1783780865	7567696
1783780870	8202736
1783780875	8523424
1783780880	7844928
1783780885	9792768
1783780890	7624016
1783780895	11407648
1783780900	7302160
1783780905	9093600
1783780910	11664464
1783780915	3417104
1783780920	7918320
1783780925	10699824
1783780930	2962496
1783780935	6758736
1783780940	7092528
1783780945	11384480
1783780950	5280416
1783780955	9820480
1783780960	10030384
1783780965	4438384
1783780970	8099392
1783780975	8046800
1783780980	5197088
1783780985	7935952
1783780990	8685600
1783780995	12190192
1783781001	6645488
1783781006	10255776
1783781011	8883440
1783781016	8345248
1783781021	9568144
1783781026	7995136
1783781031	9525952
1783781036	8452448
1783781041	6733088
1783781046	10586224
1783781051	7781488
1783781056	11684640
1783781061	7542000
1783781066	8767248
1783781071	11487392
1783781076	7054656
1783781081	9316560
1783781086	9150784
1783781091	6861104
1783781096	8278576
1783781101	8474592
1783781106	8811840
1783781111	9454560
1783781116	9191648
1783781121	8854128
1783781126	8353664
1783781131	8435200
1783781136	7999456
1783781141	9203952
1783781147	11085184
1783781152	7289648
1783781157	9628032
1783781162	9531296
1783781167	9909504
1783781172	8523712
1783781177	8855792
1783781182	10091072
1783781187	8602832
1783781192	9193504
1783781197	9739280
1783781202	7899632
1783781207	10067488
1783781212	9022576
1783781217	9862368
1783781222	10127664
1783781227	7476896
1783781232	8517440
1783781237	6788256
1783781242	9088672
1783781247	8742656
1783781252	7680928
1783781257	9626032
1783781262	8779248
1783781267	10574576
1783781272	8584320
1783781277	8441888
1783781282	9240496
1783781288	8319536
1783781293	9318688
1783781298	9068736
1783781303	8931488
1783781308	11672544
1783781313	8430080
1783781318	9523984
1783781323	10346416
1783781328	6548432
1783781333	8559072
1783781338	9701712
1783781343	5880000
1783781348	8992752
1783781353	8381824
1783781358	9584432
1783781363	9513616
1783781368	9000720
1783781373	8560656
1783781378	8964720
1783781383	10216944
1783781388	11467344
1783781393	8777936
1783781398	8726464
1783781403	10767264
1783781408	8963280
1783781413	10241328
1783781418	10139136
1783781423	9053984
1783781428	9311200
1783781434	9862480
1783781439	10519920
1783781444	9265232
1783781449	8714704
1783781454	10324608
1783781459	9872016
1783781464	8994432
1783781469	10520384
1783781474	9578848
1783781479	10142000
1783781484	8662544
1783781489	10915024
1783781494	10046208
1783781499	9032528
1783781504	10328272
1783781509	8640528
1783781514	8463312
1783781519	8958000
1783781524	9746480
1783781529	9298416
1783781534	8489168
1783781539	8983920
1783781544	9389728
1783781549	9262384
1783781554	10751344
1783781559	8672880
1783781564	8826320
1783781569	10444656
1783781575	10661072
1783781580	8972576
1783781585	8484624
1783781590	9400592
1783781595	10008256
1783781600	10383328
1783781605	8902112
1783781610	11005712
1783781615	10017936
1783781620	8011200
1783781625	9286016
1783781630	8594400
1783781635	9952368
1783781640	9008896
1783781645	8901344
1783781650	9097920
1783781655	8114240
1783781660	10411280
1783781665	9103200
1783781670	9287392
1783781675	9495024
1783781680	8196224
1783781685	10975472
1783781690	8921344
1783781695	9736128
1783781700	10413824
1783781705	9092336
1783781710	10918944
1783781716	10176480
1783781721	8622992
1783781726	9164624
1783781731	8741776
1783781736	9524592
1783781741	8957744
1783781746	10014288
1783781751	10811200
1783781756	11003280
1783781761	10068912
1783781766	9581520
1783781771	10405408
1783781776	8947264
1783781781	10266496
1783781786	9586400
1783781791	6841888
1783781796	9454048
1783781801	9457552
1783781806	11329792
1783781811	9018064
1783781816	9295488
1783781821	10688320
1783781826	8640656
1783781831	9694688
1783781836	9121600
1783781841	10986528
1783781846	9468576
1783781852	9144496
1783781857	11037616
1783781862	9247392
1783781867	9722272
1783781872	10353600
1783781877	8525120
1783781882	10177776
1783781887	9586992
1783781892	8195104
1783781897	8723248
1783781902	9001424
1783781907	8656768
1783781912	11399424
1783781917	10424528
1783781922	10133440
1783781927	9879680
1783781932	8994704
1783781937	9831776
1783781942	9356624
1783781947	8875680
1783781952	13017600
1783781957	7366016
1783781962	9921520
1783781967	11284928
1783781972	8140224
1783781977	10217040
1783781982	11275232
1783781988	6282384
1783781993	10307360
1783781998	8544256
1783782003	5387552
1783782008	9196944
1783782013	11192656
1783782018	10723440
1783782023	9723648
1783782028	9947456
1783782033	9517024
1783782038	8026096
1783782043	9302176
1783782048	8911936
1783782053	11806464
1783782058	9639056
1783782063	9700928
1783782068	11816080
1783782073	9788016
1783782078	10010816
1783782083	11531296
1783782088	8332496
1783782093	10350992
1783782098	10497296
1783782103	7749936
1783782108	11455616
1783782113	10153984
1783782118	10237808
1783782123	11019408
1783782129	10527392
1783782134	11131552
1783782139	9968560
1783782144	9143728
1783782149	11157760
1783782154	9886432
1783782159	8754384
1783782164	10060256
1783782169	10117776
1783782174	10713552
1783782179	9857424
1783782184	10462400
1783782189	10413440
1783782194	10310768
1783782199	10477504
1783782204	11680192
1783782209	10656768
1783782214	9464400
1783782219	11127808
1783782224	9095472
1783782229	8202832
1783782234	10006832
1783782239	9187872
1783782244	7971200
1783782249	9751344
1783782254	8827200
1783782259	10953808
1783782264	10087888
1783782269	9511392
1783782274	11464784
1783782280	9784992
1783782285	9280032
1783782290	11778432
1783782295	7701664
1783782300	10389264
1783782305	9435616
1783782310	10496304
1783782315	9816688
1783782320	11286960
1783782325	9860912
1783782330	8986128
1783782335	11125440
1783782340	10137504
1783782345	9167056
1783782350	10534960
1783782355	10315824
1783782360	9489584
1783782365	11737440
1783782370	7924496
1783782375	10277616
1783782380	12606544
1783782385	5999088
1783782390	9238048
1783782395	9669392
1783782400	9860576
1783782405	9289872
1783782410	10301360
1783782416	6841168
1783782421	5488112
1783782426	4386880
1783782431	6190864
1783782436	7447280
1783782441	8171488
1783782446	6150896
1783782451	3825824
1783782456	7088752
1783782461	4409600
1783782467	10302560
1783782472	5120528
1783782477	6544448
1783782482	7776192
1783782487	7692144
1783782492	9238096
1783782497	8410048
1783782502	6981472
1783782507	8661856
1783782512	8289680
1783782517	8069952
1783782522	7972192
1783782527	7817776
1783782532	8147408
1783782537	7523504
1783782542	9111760
1783782547	7030480
1783782552	7159120
1783782557	8655824
1783782562	8303216
1783782567	7801520
1783782573	9725792
1783782578	9467936
1783782583	8266576
1783782588	8833744
1783782593	9263632
1783782598	9128240
1783782603	8917824
1783782608	7904992
1783782613	8569152
1783782618	9626320
1783782623	8083104
1783782628	8308544
1783782633	9465568
1783782638	9074592
1783782643	7856400
1783782648	8968128
1783782653	8396704
1783782658	7946064
1783782663	9177392
1783782668	8832432
1783782673	7757344
1783782678	9129504
1783782683	8849376
1783782688	9024464
1783782693	8795760
1783782698	8834288
1783782703	8020832
1783782708	7871744
1783782713	8984032
1783782719	6923056
1783782724	8296336
1783782729	8790656
1783782734	8367792
1783782739	10096816
1783782744	9711968
1783782749	9715024
1783782754	7799968
1783782759	6256480
1783782764	8755712
1783782769	8387920
1783782774	7634672
1783782779	8866832
1783782784	8328592
1783782789	8813776
1783782794	8420912
1783782799	9157312
1783782804	10118816
1783782809	8485984
1783782814	9217392
1783782819	8669792
1783782824	7464368
1783782829	9140864
1783782834	7328128
1783782839	8282880
1783782844	10474128
1783782849	7077312
1783782854	8825200
1783782859	8952416
1783782864	9851472
1783782870	7761600
1783782875	8533088
1783782880	9418592
1783782885	9262304
1783782890	9962384
1783782895	8834272
1783782900	9504784
1783782905	9169376
1783782910	9444688
1783782915	8228208
1783782920	10874944
1783782925	7583200
1783782930	8615120
1783782935	8416992
1783782940	10306656
1783782945	8871888
1783782950	9553472
1783782955	9962848
1783782960	9091904
1783782965	8062176
1783782970	11068496
1783782975	8465488
1783782980	7629584
1783782985	9157360
1783782990	8704640
1783782995	10051776
1783783000	9351040
1783783005	8782016
1783783011	9948400
1783783016	7829056
1783783021	9027392
1783783026	11090384
1783783031	7707152
1783783036	8387552
1783783041	9066464
1783783046	10494896
1783783051	8423152
1783783056	9290816
1783783061	10850608
1783783066	7786736
1783783071	7016432
1783783076	8422768
1783783081	7099344
1783783086	10107568
1783783091	8367280
1783783096	9125248
1783783101	8244384
1783783106	8460544
1783783111	10407360
1783783116	8044752
1783783121	7807696
1783783126	8930672
1783783131	9778176
1783783136	9120272
1783783141	9524896
1783783146	10924080
1783783151	10272880
1783783157	8847840
1783783162	9732624
1783783167	9604064
1783783172	10207664
1783783177	10244944
1783783182	9746848
1783783187	11210288
1783783192	5305648
1783783197	7571856
1783783202	7936448
1783783207	10749184
1783783212	6532544
1783783217	9254144
1783783222	11443600
1783783227	5919744
1783783232	10358608
1783783237	8495840
1783783242	7352992
1783783247	10360448
1783783252	10749776
1783783257	11251152
1783783262	7640064
1783783267	10546080
1783783272	8703184
1783783277	5471568
1783783282	8782496
1783783287	8241584
1783783292	12061168
1783783298	6560800
1783783303	8810672
1783783308	12251376
1783783313	4452224
1783783318	8748224
1783783323	8555600
1783783328	9998848
1783783333	8465248
1783783338	9141296
1783783343	10700224
1783783348	8193360
1783783353	8127840
1783783358	10514400
1783783363	7586720
1783783368	10426752
1783783373	11511872
1783783378	8244112
1783783383	10010144
1783783388	10140304
1783783393	9528256
1783783398	8750608
1783783403	9382912
1783783408	9868752
1783783413	9262832
1783783418	8652528
1783783423	10030704
1783783428	5938000
1783783433	8774400
1783783439	10660784
1783783444	8266944
1783783449	9056912
1783783454	11878080
1783783459	5832240
1783783464	9155312
1783783469	8485408
1783783474	12989024
1783783479	8515776
1783783484	8898544
1783783489	12232608
1783783494	7264784
1783783499	9941632
1783783504	11310144
1783783509	4513312
1783783514	9011696
1783783519	12428336
1783783524	4438688
1783783529	8254720
1783783534	8116144
1783783539	4611488
1783783544	7578816
1783783549	7614896
1783783554	11150768
1783783559	5490960
1783783564	9708656
1783783569	10226256
1783783574	5439632
1783783580	9701680
1783783585	8840448
1783783590	5361392
1783783595	8767920
1783783600	8522896
1783783605	12098976
1783783610	8567232
1783783615	8400848
1783783620	13644672
1783783625	6110032
1783783630	8947920
1783783635	10924112
1783783640	7626976
1783783645	9362352
1783783650	8546992
1783783655	12175920
1783783660	8195744
1783783665	8549824
1783783670	11174944
1783783675	7276224
1783783680	10025392
1783783685	11254960
1783783690	6842464
1783783695	9529808
1783783700	10353168
1783783705	4828640
1783783710	8782080
1783783715	10894368
1783783720	9389232
1783783726	8806528
1783783731	9817040
1783783736	8323248
1783783741	7901648
1783783746	8545088
1783783751	10673264
1783783756	6626800
1783783761	10569728
1783783766	10843856
1783783771	5812192
1783783776	9807360
1783783781	9682656
1783783786	5588560
1783783791	10468496
1783783796	8189856
1783783801	5219568
1783783806	9498784
1783783811	8780448
1783783816	13524144
1783783821	6848048
1783783826	8179856
1783783831	11675584
1783783836	6013792
1783783841	10439808
1783783846	8897392
1783783851	7000608
1783783856	9047776
1783783861	9243680
1783783867	7624096
1783783872	9058608
1783783877	8854176
1783783882	10961904
1783783887	9397472
1783783892	9058944
1783783897	10113200
1783783902	8905776
1783783907	7925136
1783783912	11358848
1783783917	8200624
1783783922	9476496
1783783927	9437360
1783783932	7647920
1783783937	10494832
1783783942	10573712
1783783947	9765904
1783783952	9042192
1783783957	9292992
1783783962	9421344
1783783967	9414704
1783783972	8922064
1783783977	9467744
1783783982	9373840
1783783987	9382704
1783783992	8691280
1783783997	11611024
1783784003	7838736
1783784008	9335760
1783784013	10392128
1783784018	6887264
1783784023	10339712
1783784028	5956736
1783784033	4391344
1783784038	6899904
1783784043	6808992
1783784048	7197280
1783784053	6502272
1783784058	8583088
1783784063	6232160
1783784068	4244736
1783784073	9868944
1783784078	5383760
1783784084	7722400
1783784089	6481952
1783784094	7448240
1783784099	8579840
1783784104	8897840
1783784109	9174912
1783784114	8380160
1783784119	7649264
1783784124	7860032
1783784129	8914784
1783784134	8081248
1783784139	8633952
1783784144	7576560
1783784149	8078224
1783784154	8654672
1783784159	8605312
1783784164	6830992
1783784169	9453072
1783784174	8238128
1783784179	8130448
1783784184	9879776
1783784189	7172576
1783784194	7846128
1783784199	8586304
1783784204	9334576
1783784209	8087776
1783784214	9441728
1783784219	8039360
1783784224	7755264
1783784230	9191008
1783784235	7373600
1783784240	7826608
1783784245	9367552
1783784250	7444176
1783784255	7818512
1783784260	8526560
1783784265	5634944
1783784270	9844816
1783784275	8303360
1783784280	5188928
1783784285	8163696
1783784290	7702400
1783784295	13002112
1783784300	6283024
1783784305	8066688
1783784310	12008224
1783784315	4609920
1783784320	8195344
1783784325	11340720
1783784330	4168128
1783784335	8247936
1783784340	11790752
1783784345	3357760
1783784350	7814368
1783784355	7976096
1783784360	10254784
1783784365	7087312
1783784370	7996656
1783784376	10597648
1783784381	7081136
1783784386	8607024
1783784391	9912096
1783784396	9318512
1783784401	8850656
1783784406	7875152
1783784411	8974400
1783784416	8296336
1783784421	7273696
1783784426	8550640
1783784431	8453312
1783784436	6852944
1783784441	9783728
1783784446	8019040
1783784451	7223680
1783784456	8813312
1783784461	8984096
1783784466	8328672
1783784471	6806736
1783784476	8276608
1783784481	8111184
1783784486	6239264
1783784491	8741360
1783784496	8187728
1783784501	11347552
1783784506	7590528
1783784511	8657264
1783784516	10672240
1783784522	6270704
1783784527	10381664
1783784532	8034496
1783784537	5741216
1783784542	11418816
1783784547	8682096
1783784552	9232352
1783784557	10640944
1783784562	8374448
1783784567	9037872
1783784572	9968592
1783784577	8636000
1783784582	8320880
1783784587	7096192
1783784592	10191520
1783784597	9433136
1783784602	7006112
1783784607	9001088
1783784612	9438720
1783784617	6922208
1783784622	10261904
1783784627	8957344
1783784632	9499152
1783784637	8375520
1783784642	9219872
1783784647	9873920
1783784652	8397632
1783784657	10298176
1783784662	8959888
1783784667	8306800
1783784673	9282736
1783784678	8886960
1783784683	8313520
1783784688	11098080
1783784693	8410352
1783784698	10643856
1783784703	9351616
1783784708	7850176
1783784713	11533040
1783784718	8129888
1783784723	7471840
1783784728	11260704
1783784733	7719552
1783784738	7295008
1783784743	12243520
1783784748	6601680
1783784753	10381824
1783784758	8432704
1783784763	6531584
1783784768	9254688
1783784773	8625776
1783784778	9916192
1783784783	9885664
1783784788	9522832
1783784793	10646816
1783784798	8797472
1783784803	9579024
1783784808	8726976
1783784813	10745008
1783784818	9097056
1783784824	9098304
1783784829	10663376
1783784834	8371568
1783784839	9087920
1783784844	10075296
1783784849	9711696
1783784854	9882736
1783784859	10349120
1783784864	8046624
1783784869	10200992
1783784874	8174176
1783784879	6032832
1783784884	9185744
1783784889	8671280
1783784894	12529488
1783784899	6886912
1783784904	7981408
1783784909	13424768
1783784914	5396064
1783784919	8704832
1783784924	8654896
1783784929	10031232
1783784934	8775472
1783784939	8422048
1783784944	9838496
1783784949	8362880
1783784954	8539104
1783784959	7795568
1783784964	10117008
1783784969	9700208
1783784975	10594512
1783784980	8056208
1783784985	9491344
1783784990	10158416
1783784995	7531008
1783785000	9540784
1783785005	10012320
1783785010	8667424
1783785015	9570064
1783785020	9309984
1783785025	9443168
1783785030	9435984
1783785035	9846592
1783785040	6672800
1783785045	9255136
1783785050	9814704
1783785055	6191872
1783785060	8585808
1783785065	9014784
1783785070	6112032
1783785075	9500688
1783785080	8684240
1783785085	6063296
1783785090	7164752
1783785095	8465536
1783785100	11978496
1783785105	6719584
1783785110	8314304
1783785115	11826576
1783785121	7908224
1783785126	8824704
1783785131	11633472
1783785136	7879840
1783785141	9310256
1783785146	11738800
1783785151	7482688
1783785156	13995952
1783785161	5464368
1783785166	4930896
1783785171	5606896
1783785177	4840960
1783785182	10755680
1783785187	10758736
1783785192	8373328
1783785197	6756176
1783785202	8829488
1783785207	6868192
1783785212	12069968
1783785217	8320128
1783785222	7966560
1783785227	9763872
1783785232	7938640
1783785238	7896816
1783785243	10874192
1783785248	7787312
1783785253	7534720
1783785258	9630704
1783785263	7215424
1783785268	7577088
1783785273	8202640
1783785278	6282208
1783785283	8798160
1783785288	7696480
1783785293	6173984
1783785298	9120048
1783785303	7878560
1783785308	10812368
1783785313	8868160
1783785318	9074064
1783785323	10513024
1783785328	6563424
1783785333	8726720
1783785338	9381312
1783785343	3931920
1783785348	8195360
1783785353	9508384
1783785358	2997088
1783785363	7577840
1783785368	9163136
1783785373	5549536
1783785378	7942416
1783785383	7957200
1783785388	9321088
1783785394	6605600
1783785399	7773760
1783785404	8536672
1783785409	5879184
1783785414	7786192
1783785419	9834432
1783785424	5230352
1783785429	7865840
1783785434	8255280
1783785439	4910480
1783785444	9541312
1783785449	8118544
1783785454	5086368
1783785459	8156768
1783785464	7870400
1783785469	12741760
1783785474	7727632
1783785479	9117248
1783785484	11276064
1783785489	7361680
1783785494	8858752
1783785499	8120832
1783785504	9149200
1783785509	8563696
1783785514	8516288
1783785519	8541936
1783785524	8817568
1783785529	8366608
1783785534	8930752
1783785540	8933104
1783785545	10103696
1783785550	8744288
1783785555	8847680
1783785560	10530512
1783785565	7626400
1783785570	9400096
1783785575	9345168
1783785580	8203600
1783785585	9227904
1783785590	8451648
1783785595	9899616
1783785600	9155088
1783785605	8217072
1783785610	9571968
1783785615	8983312
1783785620	8324640
1783785625	9130176
1783785630	8364512
1783785635	8011472
1783785640	10978592
1783785645	8685728
1783785650	10431472
1783785655	8645776
1783785660	9394864
1783785665	10540336
1783785670	8547968
1783785675	8533440
1783785680	9120288
1783785685	8766048
1783785690	5635056
1783785696	9820000
1783785701	8907968
1783785706	8749280
1783785711	6841600
1783785716	8948768
1783785721	7812128
1783785726	6302800
1783785731	8994400
1783785736	8616176
1783785741	6696992
1783785746	9615456
1783785751	9767424
1783785756	11573408
1783785761	9723888
1783785766	9495152
1783785771	10435600
1783785776	7597488
1783785781	10091984
1783785786	10359792
1783785791	7228144
1783785796	8892768
1783785801	8456464
1783785806	7444576
1783785811	9269984
1783785816	8817760
1783785821	10094560
1783785826	8952736
1783785831	9684496
1783785836	10235664
1783785841	7544928
1783785847	9344656
1783785852	8665680
1783785857	8733856
1783785862	8460032
1783785867	6538192
1783785872	8908720
1783785877	8591280
1783785882	9333440
1783785887	9034688
1783785892	8700496
1783785897	10679664
1783785902	7974160
1783785907	9030944
1783785912	7736784
1783785917	10243536
1783785922	10161968
1783785927	11720272
1783785932	12916560
1783785937	6954352
1783785942	8998176
1783785947	4839856
1783785952	10539360
1783785957	6020544
1783785963	4881792
1783785968	9336720
1783785973	11788864
1783785978	6446624
1783785983	5824896
1783785988	6811600
1783785993	6571712
1783785998	6656960
1783786003	6175072
1783786008	6135104
1783786013	5237248
1783786018	7841936
1783786023	10192848
1783786028	6063312
1783786033	4726688
1783786038	4849392
1783786043	2923248
1783786048	7458720
1783786053	6790192
1783786059	4716976
1783786064	6812496
1783786069	10346368
1783786074	5067584
1783786079	5380832
1783786084	5633520
1783786089	8493728
1783786094	11072128
1783786099	5251632
1783786104	4732880
1783786109	9579648
1783786114	2562160
1783786119	6840000
1783786124	4405936
1783786129	6551712
1783786135	4628784
1783786140	4843360
1783786145	8158032
1783786150	10070144
1783786155	7553536
1783786160	7384416
1783786165	8435520
1783786170	8682992
1783786175	3627872
1783786180	6634160
1783786185	2953344
1783786190	5895472
1783786195	5525136
1783786200	10539296
1783786205	4772784
1783786210	8450128
1783786215	11841632
1783786220	1863344
1783786225	5552736
1783786230	3940016
1783786236	9099568
1783786241	6686496
1783786246	13123760
1783786251	10371664
1783786256	10858160
1783786261	13707856
1783786266	6074320
1783786271	10060480
1783786276	12518848
1783786281	4461952
1783786286	5523312
1783786291	7847632
1783786296	10200688
1783786301	9012640
1783786306	10808720
1783786311	6953920
1783786316	7455056
1783786321	13803184
1783786326	8848832
1783786331	11979632
1783786336	4062352
1783786341	5663712
1783786346	8122784
1783786351	14510976
1783786356	11100496
1783786361	12568496
1783786366	4592944
1783786371	10688112
1783786377	3800112
1783786382	11491600
1783786387	7253456
1783786392	7879424
1783786397	8626800
1783786402	10853808
1783786407	7344752
1783786412	6116416
1783786417	7512208
1783786422	6152272
1783786427	3789248
1783786432	7679376
1783786437	7531584
1783786442	8127760
1783786447	7801008
1783786452	12121360
1783786457	9172144
1783786462	9611632
1783786467	14267840
1783786473	8114496
1783786478	5044448
1783786483	9630880
1783786488	10882336
1783786493	9124592
1783786498	10914720
1783786503	12594656
1783786508	8493728
1783786513	13881296
1783786518	9369968
1783786523	6019648
1783786528	9467424
1783786533	10082448
1783786538	5629792
1783786543	4184944
1783786548	7852576
1783786554	11241216
1783786559	13246144
1783786564	5733856
1783786569	5449344
1783786574	8540816
1783786579	11548160
1783786584	4881104
1783786589	8852288
1783786594	5585904
1783786599	9085312
1783786604	3820608
1783786609	10357200
1783786614	7608416
1783786619	9495504
1783786624	13378320
1783786629	4905616
1783786634	11025824
1783786640	6997104
1783786645	10733440
1783786650	8672928
1783786655	8125600
1783786660	15201856
1783786665	11070176
1783786670	10760848
1783786675	6369200
1783786680	9305536
1783786685	7726160
1783786690	7499648
1783786695	14231968
1783786700	11045712
1783786705	14532272
1783786710	9116704
1783786715	11784256
1783786720	12795056
1783786725	6683776
1783786730	9643984
1783786736	5445376
1783786741	9141840
1783786746	6063856
1783786751	8888880
1783786756	12702144
1783786761	9146016
1783786766	5901040
1783786771	5240960
1783786776	8829376
1783786781	11932864
1783786786	6457296
1783786791	2267216
1783786796	7226896
1783786801	8445552
1783786806	12013648
1783786811	9476336
1783786816	10545120
1783786821	10418960
1783786826	12156704
1783786831	7059568
1783786836	5585616
1783786841	8125600
1783786846	7518352
1783786851	10230912
1783786856	12445232
1783786861	11400256
1783786866	13893616
1783786872	8784912
1783786877	8817120
1783786882	13116608
1783786887	8617984
1783786892	11366176
1783786897	7441648
1783786902	9525808
1783786907	10545680
1783786912	13156256
1783786917	9238096
1783786922	11168672
1783786927	7299888
1783786932	11627312
1783786937	6720240
1783786942	11048656
1783786947	8615392
1783786952	11851088
1783786957	8351856
1783786962	9908848
1783786967	9530768
1783786972	9639840
1783786977	12612640
1783786982	12361904
1783786987	2805056
1783786992	3625168
1783786997	5915344
1783787003	9610624
1783787008	12841904
1783787013	2135472
1783787018	5842448
1783787023	4114176
1783787028	7148832
1783787033	2285536
1783787038	8805120
1783787043	5333376
1783787048	7209488
1783787053	10578176
1783787058	12347504
1783787063	2417072
1783787068	8463952
1783787073	6220208
1783787078	10058128
1783787083	9484224
1783787089	4435184
1783787094	3944480
1783787099	10863312
1783787104	11466224
1783787109	9674736
1783787114	8803184
1783787119	3551552
1783787124	7043808
1783787129	10895696
1783787134	6753440
1783787139	12326368
1783787144	9842016
1783787149	11487840
1783787154	10775584
1783787159	3824112
1783787164	5262336
1783787169	3213680
1783787174	7420432
1783787179	3680896
1783787184	7095200
1783787189	1968080
1783787194	9130016
1783787199	6474720
1783787204	8453232
1783787210	8911392
1783787215	6142944
1783787220	9067280
1783787225	8482176
1783787230	12571408
1783787235	9183008
1783787240	1308944
1783787245	8813248
1783787250	5350896
1783787255	8260736
1783787260	5422528
1783787265	8250448
1783787270	10932000
1783787275	4496800
1783787280	4405232
1783787285	5154208
1783787290	5989872
1783787295	4187632
1783787300	8393360
1783787305	5486560
1783787310	6327904
1783787315	8860832
1783787320	11667552
1783787325	6919984
1783787330	10135456
1783787336	9154208
1783787341	7163744
1783787346	5048576
1783787351	9902704
1783787356	10194896
1783787361	8873728
1783787366	11334928
1783787371	14420272
1783787376	4151392
1783787381	6691088
1783787386	9612336
1783787391	10359696
1783787396	9454800
1783787401	11530240
1783787406	12576224
1783787411	8012464
1783787416	12923504
1783787421	10186208
1783787426	12414896
1783787431	13864800
1783787437	9078464
1783787442	11700032
1783787447	8882336
1783787452	9309856
1783787457	8783152
1783787462	7500832
1783787467	8082896
1783787472	10993936
1783787477	8387824
1783787482	5194528
1783787487	6459216
1783787492	4349744
1783787497	5383600
1783787502	7899584
1783787507	10545088
1783787512	4644640
1783787517	5769504
1783787522	4979920
1783787527	5873312
1783787532	3682832
1783787537	7641456
1783787542	3692208
1783787547	7336864
1783787552	6018816
1783787557	5034048
1783787563	6268736
1783787568	7632528
1783787573	5371120
1783787578	13155664
1783787583	8666704
1783787588	12355296
1783787593	11721760
1783787598	6305744
1783787603	9655504
1783787608	11799360
1783787613	11644976
1783787618	7328256
1783787623	6621184
1783787628	8083136
1783787633	14613936
1783787638	10867024
1783787643	6418960
1783787648	11566400
1783787653	6095424
1783787658	10955184
1783787663	6372624
1783787669	7175024
1783787674	6417200
1783787679	3618272
1783787684	6949824
1783787689	6992864
1783787694	13193984
1783787699	10543392
1783787704	12118880
1783787709	3925136
1783787714	10775936
1783787719	7963168
1783787724	5709408
1783787729	9077680
1783787734	4150576
1783787739	9057872
1783787744	3881792
1783787749	8484304
1783787754	11784096
1783787759	10050480
1783787765	8849904
1783787770	5865520
1783787775	8072816
1783787780	10504384
1783787785	7508352
1783787790	5731264
1783787795	8029264
1783787800	10372048
1783787805	6227104
1783787810	5857744
1783787815	7346688
1783787820	4780976
1783787825	6818064
1783787830	5507264
1783787835	1015824
1783787840	6104256
1783787845	10007728
1783787850	5853520
1783787856	4834896
1783787861	10294544
1783787866	4067520
1783787871	5127712
1783787876	10720592
1783787881	9508160
1783787886	10394064
1783787891	7184592
1783787896	10749360
1783787901	7243392
1783787906	9316352
1783787911	5491840
1783787916	11504144
1783787921	7102480
1783787926	5796976
1783787931	9051984
1783787936	4751792
1783787941	10489712
1783787946	9339808
1783787951	11396192
1783787956	3964880
1783787961	10483392
1783787966	8038352
1783787971	6185120
1783787976	6980192
1783787981	1384000
1783787987	9181664
1783787992	3401456
1783787997	7862496
1783788002	5875744
1783788007	6835072
1783788012	1236784
1783788017	7905552
1783788022	5202912
1783788027	7974912
1783788032	4469616
1783788037	7334048
1783788042	9922096
1783788047	4721328
1783788052	8667840
1783788057	5489232
1783788062	6884080
1783788067	2689920
1783788072	6519984
1783788077	6532800
1783788082	6090208
1783788087	9631520
1783788092	7620800
1783788098	4707152
1783788103	9111312
1783788108	8092096
1783788113	4849264
1783788118	5140848
1783788123	5516400
1783788128	9226736
1783788133	7259184
1783788138	11354416
1783788143	10278336
1783788148	7271616
1783788153	10572096
1783788158	11429872
1783788163	7643968
1783788168	6443856
1783788173	8940176
1783788178	5285360
1783788184	5208864
1783788189	10352816
1783788194	8451424
1783788199	10827184
1783788204	8093728
1783788209	5372464
1783788214	4540096
1783788219	10139472
1783788224	3715376
1783788229	6117776
1783788234	9048288
1783788239	11866368
1783788244	3610400
1783788249	9226928
1783788254	8245168
1783788259	13813040
1783788264	13934240
1783788270	9698880
1783788275	12079936
1783788280	8497312
1783788285	12837776
1783788290	4318464
1783788295	2950064
1783788300	6219984
1783788305	6715136
1783788310	12899680
1783788315	9363280
1783788320	13992432
1783788325	3337024
1783788330	6804192
1783788335	4921664
1783788340	7262416
1783788345	4977120
1783788350	5493024
1783788355	12621008
1783788360	9277680
1783788365	11384528
1783788370	5018720
1783788375	7193792
1783788380	2955824
1783788385	8499840
1783788390	3779904
1783788395	9827936
1783788400	5471344
1783788406	9905808
1783788411	12666944
1783788416	3005456
1783788421	6415568
1783788426	6555824
1783788431	11614736
1783788436	7983104
1783788441	11020096
1783788446	10568688
1783788451	8487680
1783788456	14161536
1783788461	12936960
1783788466	11690624
1783788471	1703456
1783788476	5424432
1783788481	4787440
1783788486	4680176
1783788491	6586544
1783788496	9978720
1783788501	7721520
1783788506	10069616
1783788511	8037488
1783788516	11062560
1783788521	4068864
1783788526	12252880
1783788531	8833040
1783788536	8126448
1783788542	3959968
1783788547	9420224
1783788552	7620496
1783788557	6423440
1783788562	10277248
1783788567	5902480
1783788572	4842544
1783788577	10226224
1783788582	8866512
1783788587	10216752
1783788592	5448416
1783788597	5212000
1783788602	6416976
1783788607	9037440
1783788612	11777008
1783788617	1748752
1783788622	7737808
1783788627	7663008
1783788632	10062000
1783788637	12372288
1783788642	8171536
1783788647	9166000
1783788652	12143328
1783788657	4792144
1783788662	6994688
1783788668	6127568
1783788673	9579440
1783788678	3645024
1783788683	12503696
1783788688	8674944
1783788693	11275968
1783788698	14897456
1783788703	5454976
1783788708	4944208
1783788713	9911232
1783788718	11846592
1783788723	8870400
1783788728	6182368
1783788733	12204400
1783788738	8362208
1783788743	11484656
1783788749	14750128
1783788754	14607104
1783788759	10466944
1783788764	15141296
1783788769	9363984
1783788774	8270016
1783788779	11485664
1783788784	2224224
1783788789	5644736
1783788794	5055584
1783788799	10831248
1783788804	8201104
1783788809	8515328
1783788814	6193984
1783788819	6461120
1783788824	10043376
1783788829	10767136
1783788834	3253520
1783788839	8245744
1783788844	8073168
1783788849	10263056
1783788854	12325200
1783788859	12423584
1783788864	7729360
1783788869	4384448
1783788874	8223776
1783788879	8739040
1783788884	12357520
1783788890	9874944
1783788895	5471152
1783788900	7281216
1783788905	10975392
1783788910	12610448
1783788915	8625360
1783788920	4803824
1783788925	7893344
1783788930	10485104
1783788935	9037008
1783788940	6257184
1783788945	10684128
1783788950	14065248
1783788955	8055088
1783788960	10111232
1783788965	13220432
1783788970	12779072
1783788975	7592288
1783788980	8622656
1783788985	7624704
1783788990	6973088
1783788995	4982032
1783789000	10984240
1783789005	3296224
1783789010	5999648
1783789015	8498992
1783789020	11248112
1783789025	8901056
1783789031	10226096
1783789036	7410032
1783789041	13747600
1783789046	9392672
1783789051	10337232
1783789056	11166912
1783789061	10629632
1783789066	9953104
1783789071	9844560
1783789076	14483792
1783789081	8640672
1783789086	8580080
1783789091	7394512
1783789096	12665952
1783789101	6683856
1783789106	11225312
1783789111	11575408
1783789116	5029472
1783789121	5578976
1783789126	8302048
1783789131	10263104
1783789136	5975552
1783789142	5342544
1783789147	10541296
1783789152	11019216
1783789157	5386016
1783789162	4761232
1783789167	8601216
1783789172	11132592
1783789177	9644592
1783789182	14076640
1783789187	4436832
1783789192	11370496
1783789197	6939856
1783789202	6339360
1783789207	9472272
1783789212	12608768
1783789217	13442784
1783789223	4637184
1783789228	6157552
1783789233	9479840
1783789238	9097936
1783789243	6626208
1783789248	10852944
1783789253	9289408
1783789258	5025760
1783789263	5564864
1783789268	11854048
1783789273	8712720
1783789278	6675744
1783789283	10818544
1783789288	12377168
1783789293	10009968
1783789298	11644368
1783789303	4016288
1783789308	7045584
1783789313	6125776
1783789318	11323136
1783789323	6455712
1783789328	6451552
1783789333	4480944
1783789338	3899024
1783789343	5492288
1783789349	3684592
1783789354	5665696
1783789359	12346896
1783789364	4551232
1783789369	2693888
1783789374	2126080
1783789379	6341312
1783789384	8626336
1783789390	6376768
1783789395	4468832
1783789400	7365632
1783789405	11468848
1783789410	12878976
1783789415	8117104
1783789420	10439664
1783789425	12921584
1783789430	8686448
1783789435	3382064
1783789440	5683008
1783789445	13203104
1783789450	7966080
1783789455	10104032
1783789460	6197312
1783789465	6304816
1783789470	8420816
1783789475	10221936
1783789480	2540592
1783789485	7806592
1783789490	5637664
1783789495	6678336
1783789500	5798608
1783789505	9700112
1783789511	2667712
1783789516	8701872
1783789521	6611744
1783789526	10005760
1783789531	12213824
1783789536	2229408
1783789541	6147552
1783789546	3007696
1783789551	7942912
1783789556	4964096
1783789561	12457040
1783789566	8990336
1783789571	7486224
1783789576	11506496
1783789581	11409600
1783789586	1376976
1783789591	9047136
1783789596	6503776
1783789601	9444048
1783789606	10296096
1783789611	4354544
1783789616	6679456
1783789621	9198560
1783789626	11286912
1783789631	10100096
1783789636	5982016
1783789642	5069392
1783789647	10016272
1783789652	10162160
1783789657	6145808
1783789662	8283696
1783789667	8380400
1783789672	4366480
1783789677	7400256
1783789682	10655104
1783789687	5277728
1783789692	6918400
1783789697	5027552
1783789702	8790256
1783789707	11003440
1783789712	2423344
1783789718	9938752
1783789723	6874032
1783789728	10525984
1783789733	6240144
1783789738	7866496
1783789743	10099696
1783789748	3806816
1783789753	7199936
1783789758	4147072
1783789763	6427552
1783789768	5579008
1783789773	4230496
1783789779	10715632
1783789784	6971568
1783789789	5347424
1783789794	10868448
1783789799	11220736
1783789804	4860384
1783789809	5388224
1783789814	10677776
1783789819	5216976
1783789824	2498464
1783789829	6603520
1783789834	9355456
1783789839	13162784
1783789844	10948560
1783789849	10098912
1783789854	4305040
1783789860	5774416
1783789865	7574992
1783789870	2122016
1783789875	6165312
1783789880	1450352
1783789885	7439936
1783789890	5413632
1783789895	8338016
1783789900	7403376
1783789905	8786912
1783789910	4762928
1783789915	9959232
1783789920	7761664
1783789925	9461664
1783789930	7794272
1783789935	4029472
1783789940	10491984
1783789945	5530624
1783789950	6902544
1783789955	8396560
1783789960	8370480
1783789965	5601552
1783789971	9739904
1783789976	10299600
1783789981	6027728
1783789986	4574800
1783789991	9887888
1783789996	11112768
1783790001	3095568
1783790006	10428384
1783790011	6015664
1783790016	10877488
1783790021	12365856
1783790026	1744400
1783790031	5582624
1783790036	10220688
1783790041	10924464
1783790046	4961376
1783790051	2910608
1783790056	7094032
1783790061	9383280
1783790066	4175488
1783790072	7634000
1783790077	7540928
1783790082	14740400
1783790087	10590144
1783790092	11507824
1783790097	14002672
1783790102	9819824
1783790107	12531488
1783790112	10506656
1783790117	1707888
1783790122	8902368
1783790127	7570752
1783790132	12131216
1783790137	9765392
1783790142	9763520
1783790147	10692064
1783790152	5632080
1783790157	5820976
1783790162	10573568
1783790167	11114624
1783790173	4403424
1783790178	5367344
1783790183	11247744
1783790188	10372384
1783790193	8449888
1783790198	10966640
1783790203	13822992
1783790208	10214848
1783790213	7863792
1783790218	10530000
1783790223	6839808
1783790228	10524624
1783790233	2201792
1783790238	5011280
1783790243	8195984
1783790248	13055136
1783790253	10215200
1783790258	10425136
1783790263	7864752
1783790268	5473056
1783790273	11551360
1783790278	9411488
1783790283	8462960
1783790288	10488656
1783790293	5680032
1783790298	11552720
1783790304	8507056
1783790309	6071744
1783790314	5156048
1783790319	6880320
1783790324	12051808
1783790329	9470272
1783790334	9195776
1783790339	7167088
1783790344	8928864
1783790349	8145440
1783790354	5479744
1783790359	5706704
1783790364	6165328
1783790369	10325680
1783790374	8072400
1783790379	8652880
1783790384	4336336
1783790389	8090960
1783790394	7734288
1783790399	11751104
1783790404	3037872
1783790409	7275184
1783790414	6050800
1783790419	5750752
1783790424	8299040
1783790429	9566368
1783790435	8412528
1783790440	12166000
1783790445	3425728
1783790450	8695664
1783790455	2058496
1783790460	6010768
1783790465	3031664
1783790470	9995536
1783790475	5888512
1783790480	9163456
1783790485	14513792
1783790490	2983872
1783790495	7311856
1783790500	4554720
1783790505	5859904
1783790510	9349696
1783790515	10024400
1783790520	6690480
1783790525	6027120
1783790530	9926016
1783790535	9878160
1783790540	7253888
1783790545	9530880
1783790550	10688576
1783790555	9950640
1783790561	3745568
1783790566	6362720
1783790571	8214432
1783790576	12787520
1783790581	4884624
1783790586	5953952
1783790591	7424256
1783790596	13331968
1783790601	3271552
1783790606	4690320
1783790611	9494064
1783790616	15127296
1783790621	10513488
1783790626	6243184
1783790631	5217120
1783790636	8952592
1783790641	12187264
1783790646	6788960
1783790651	10804912
1783790656	13294000
1783790662	1861072
1783790667	6092752
1783790672	5059648
1783790677	4845216
1783790682	6910992
1783790687	8817792
1783790692	6847024
1783790697	7543376
1783790702	10737888
1783790707	12841824
1783790712	5433376
1783790717	8063168
1783790722	4655264
1783790727	7530912
1783790732	11175312
1783790737	3024784
1783790742	5513584
1783790747	4778640
1783790752	11023408
1783790757	4363664
1783790762	7580832
1783790767	6773856
1783790772	11862608
1783790777	6377680
1783790782	9623392
1783790788	5854128
1783790793	8052592
1783790798	4266944
1783790803	8404272
1783790808	9929296
1783790813	4638256
1783790818	9938288
1783790823	8466624
1783790828	6882192
1783790833	9503264
1783790838	4912416
1783790843	8801728
1783790848	3293568
1783790853	7217248
1783790858	1977440
1783790863	9659184
1783790868	3249760
1783790873	10503488
1783790878	6259152
1783790883	8976288
1783790889	12259872
1783790894	4355296
1783790899	7714560
1783790904	2011888
1783790909	4791232
1783790914	1278080
1783790919	8671664
1783790924	6240896
1783790929	9289264
1783790934	8715584
1783790939	6771760
1783790944	12155744
1783790949	9548864
1783790954	9561936
1783790959	7846496
1783790964	1129120
1783790969	8758880
1783790974	4672464
1783790979	8962192
1783790984	11904256
1783790989	11470368
1783790994	1776528
1783790999	8869632
1783791004	6565264
1783791009	10494880
1783791015	8930800
1783791020	5225840
1783791025	4372640
1783791030	9495344
1783791035	10368320
1783791040	8905152
1783791045	15789696
1783791050	10655344
1783791055	5630704
1783791060	8449696
1783791065	8346544
1783791070	12347264
1783791075	8372256
1783791080	9210480
1783791085	5217552
1783791090	11108400
1783791095	6904944
1783791100	5588064
1783791105	9257056
1783791110	14340560
1783791115	2649952
1783791120	5972288
1783791125	6874576
1783791130	9721056
1783791135	12585312
1783791141	11029376
1783791146	7463968
1783791151	9367632
1783791156	9660608
1783791161	12288496
1783791166	5197904
1783791171	4301296
1783791176	10950800
1783791181	8950432
1783791186	9494640
1783791191	13194032
1783791196	6768224
1783791201	8864512
1783791206	9808704
1783791211	12456752
1783791216	8446272
1783791221	4986496
1783791226	6601728
1783791231	8276944
1783791236	11392688
1783791241	12287360
1783791246	4001504
1783791251	5212576
1783791256	9029520
1783791261	11161824
1783791266	4858384
1783791272	3058464
1783791277	6154448
1783791282	8517968
1783791287	8327328
1783791292	14334832
1783791297	9921984
1783791302	15141616
1783791307	9853504
1783791312	8177840
1783791317	6215888
1783791322	5192400
1783791327	12470832
1783791332	13388752
1783791337	3326896
1783791342	11337296
1783791347	7771072
1783791352	10552256
1783791357	4559712
1783791362	9534368
1783791368	4012000
1783791373	5540688
1783791378	8069936
1783791383	11324864
1783791388	10526672
1783791393	6549936
1783791398	5819152
1783791403	3561728
1783791408	10038864
1783791413	10655376
1783791418	7116288
1783791423	12028240
1783791428	6732608
1783791433	11794352
1783791438	11950208
1783791443	10968048
1783791448	9538480
1783791454	12204288
1783791459	7949248
1783791464	12364512
1783791469	7388992
1783791474	11235456
1783791479	4722544
1783791484	5424816
1783791489	12507536
1783791494	6738512
1783791499	9817744
1783791504	5399984
1783791509	9092432
1783791514	5306336
1783791519	5205888
1783791524	4833504
1783791529	9436144
1783791534	4829728
1783791539	7181472
1783791544	5567200
1783791549	9784864
1783791555	6457440
1783791560	8975552
1783791565	13749120
1783791570	9806576
1783791575	11834432
1783791580	13910048
1783791585	6237872
1783791590	5678768
1783791595	11548288
1783791600	9145648
1783791605	11397328
1783791610	6792192
1783791615	5139536
1783791620	10368112
1783791625	8014192
1783791630	5111664
1783791635	8628912
1783791640	9374656
1783791645	4622800
1783791651	7651280
1783791656	7135648
1783791661	11106928
1783791666	10334400
1783791671	6291856
1783791676	5076448
1783791681	10006304
1783791686	11523712
1783791691	5857520
1783791696	6892816
1783791701	9029408
1783791706	11069136
1783791711	10621600
1783791716	11217600
1783791721	6138304
1783791726	10497968
1783791731	5193120
1783791736	12895440
1783791741	9819520
1783791746	4255808
1783791751	7333152
1783791756	7522368
1783791761	11856160
1783791766	8832528
1783791771	7787104
1783791777	4945968
1783791782	5197680
1783791787	13054000
1783791792	9169600
1783791797	9493248
1783791802	12236768
1783791807	11661888
1783791812	7555056
1783791817	9753120
1783791822	11847632
1783791827	9718048
1783791832	8758528
1783791837	6905696
1783791842	8584336
1783791847	13310016
1783791852	10365248
1783791857	11254928
1783791862	9997968
1783791867	12128800
1783791872	6721952
1783791877	9604912
1783791882	7421360
1783791887	13118816
1783791892	11074576
1783791898	8639584
1783791903	5100416
1783791908	10784240
1783791913	8437728
1783791918	11322160
1783791923	5820048
1783791928	9066544
1783791933	7452176
1783791938	8292656
1783791943	11499440
1783791948	11799040
1783791953	8907520
1783791958	12902640
1783791963	7711808
1783791968	9998672
1783791973	10492688
1783791978	12416560
1783791983	6704928
1783791988	10662864
1783791993	10568976
1783791999	8078800
1783792004	12322512
1783792009	3368480
1783792014	8469584
1783792019	11090352
1783792024	11876192
1783792029	3989760
1783792034	9962960
1783792039	7468720
1783792044	9403904
1783792049	10815328
1783792054	3539424
1783792059	10727008
1783792064	4477120
1783792069	8761536
1783792074	4340224
1783792079	6615200
1783792084	8312896
1783792089	9443200
1783792094	12497872
1783792099	12975952
1783792104	9512640
1783792109	11774096
1783792114	10282544
1783792119	11538432
1783792124	9059360
1783792130	11460944
1783792135	7647152
1783792140	6942224
1783792145	10893424
1783792150	10820928
1783792155	12950336
1783792160	8466976
1783792165	10949408
1783792170	10925696
1783792175	9310304
1783792180	5690304
1783792185	7827504
1783792190	10265680
1783792195	9824960
1783792200	3846272
1783792205	8310384
1783792210	9327008
1783792215	6363312
1783792221	4023392
1783792226	7619648
1783792231	10216592
1783792236	11061504
1783792241	1725600
1783792246	5870480
1783792251	9233104
1783792256	9203376
1783792261	9030816
1783792266	3564896
1783792271	10249120
1783792276	7953648
1783792281	9400720
1783792286	6195664
1783792292	1957632
1783792297	6586080
1783792302	10952000
1783792307	12310224
1783792312	4031472
1783792317	10811584
1783792322	7295440
1783792327	2732192
1783792332	6394352
1783792337	7492928
1783792342	6953872
1783792347	10893632
1783792352	10178528
1783792357	8464416
1783792362	3708400
1783792367	8221744
1783792372	11699248
1783792377	7606928
1783792383	4825408
1783792388	6592384
1783792393	10832624
1783792398	10307168
1783792403	9938704
1783792408	13000672
1783792413	13413168
1783792418	13245840
1783792423	5739760
1783792428	5904576
1783792433	7841744
1783792438	14640464
1783792443	8947872
1783792448	8242720
1783792453	5948384
1783792458	4542336
1783792463	7272592
1783792468	3796784
1783792473	7020416
1783792478	4942896
1783792483	9910928
1783792488	5758928
1783792493	6605728
1783792498	11522544
1783792503	3741264
1783792508	7643088
1783792514	4618880
1783792519	5443712
1783792524	9578576
1783792529	9519792
1783792534	7086032
1783792539	4565216
1783792544	8496000
1783792549	8881392
1783792554	13270656
1783792559	8675712
1783792564	10956272
1783792569	6027008
1783792574	9868624
1783792579	7654448
1783792584	8879616
1783792589	10369824
1783792594	14135792
1783792599	4657536
1783792604	7640288
1783792609	8467184
1783792614	12000432
1783792619	3938448
1783792624	3467712
1783792629	11444816
1783792634	12449808
1783792639	9377520
1783792644	8899936
1783792650	13131536
1783792655	5603168
1783792660	10842448
1783792665	7485296
1783792670	12397984
1783792675	10341632
1783792680	6646960
1783792685	3524112
1783792690	6573760
1783792695	13164960
1783792700	8725504
1783792705	14937552
1783792710	10502576
1783792715	11445856
1783792720	12410400
1783792725	7644384
1783792730	11118912
1783792736	8292752
1783792741	6808704
1783792746	9201536
1783792751	3820368
1783792756	7002928
1783792761	8172032
1783792766	10466128
1783792771	2187088
1783792776	9168752
1783792781	7149936
1783792786	8118000
1783792791	9630576
1783792796	10110304
1783792801	11453664
1783792806	6764224
1783792811	4184928
1783792816	8813728
1783792821	10965040
1783792826	4937920
1783792831	6693392
1783792836	6771760
1783792841	7022928
1783792846	8879584
1783792851	11813744
1783792856	6542288
1783792861	8048528
1783792866	13966496
1783792872	9475360
1783792877	2510768
1783792882	9423008
1783792887	7160496
1783792892	9154944
1783792897	11693456
1783792902	4592144
1783792907	10268512
1783792912	8263296
1783792917	5798832
1783792922	5427888
1783792927	10429200
1783792932	7646368
1783792937	12311552
1783792942	6155904
1783792947	6682752
1783792952	9067664
1783792957	12325584
1783792963	2409040
1783792968	6148192
1783792973	7887600
1783792978	10063456
1783792983	7041552
1783792988	12306080
1783792993	3357712
1783792998	8951200
1783793003	5209120
1783793008	9590000
1783793013	4014928
1783793018	9469248
1783793023	11290768
1783793028	7816880
1783793033	5678608
1783793038	8278144
1783793043	4320736
1783793048	8004896
1783793053	8944032
1783793058	4352352
1783793064	4873472
1783793069	8395616
1783793074	3125888
1783793079	10709088
1783793084	8717968
1783793089	8587120
1783793094	7959920
1783793099	8621648
1783793104	8650736
1783793109	3887488
1783793114	7996816
1783793119	5792752
1783793124	5881104
1783793129	5118032
1783793134	10328304
1783793139	7049152
1783793144	12088928
1783793149	2924416
1783793154	7910368
1783793159	7027792
1783793165	8519456
1783793170	13378320
1783793175	5452688
1783793180	2613184
1783793185	6705440
1783793190	10611488
1783793195	7183456
1783793200	8417776
1783793205	12048480
1783793210	11116784
1783793215	4866160
1783793220	2414400
1783793225	6053472
1783793230	11038768
1783793235	10901472
1783793240	10570000
1783793245	9280272
1783793250	12351136
1783793255	13923984
1783793260	10261216
1783793265	12439584
1783793270	5942528
1783793276	8417600
1783793281	12181760
1783793286	12472272
1783793291	9097088
1783793296	11158544
1783793301	11211872
1783793306	6969168
1783793311	11851920
1783793316	11112032
1783793321	10990672
1783793326	12042016
1783793331	4871200
1783793336	10457328
1783793341	7444496
1783793346	6260032
1783793351	8044432
1783793356	10705152
1783793361	9968432
1783793366	11120592
1783793371	6260896
1783793376	6307632
1783793381	10213536
1783793386	9613296
1783793391	7638608
1783793396	10020928
1783793401	8521952
1783793407	10176016
1783793412	11579376
1783793417	7445888
1783793422	10883824
1783793427	8813280
1783793432	10761136
1783793437	6461840
1783793442	7600896
1783793447	11301744
1783793452	13083184
1783793457	11470480
1783793462	7550960
1783793467	8641184
1783793472	2533968
1783793477	7997152
1783793482	5130960
1783793487	8198688
1783793492	3307472
1783793497	8144256
1783793502	2892608
1783793507	6729040
1783793512	9139008
1783793517	6774528
1783793522	8245584
1783793527	7124864
1783793532	7897152
1783793537	9090608
1783793542	8058672
1783793548	3469536
1783793553	7557872
1783793558	11208272
1783793563	6250656
1783793568	7245776
1783793573	5864128
1783793578	9441472
1783793583	11525760
1783793588	5272448
1783793593	5370176
1783793598	5544208
1783793603	4454912
1783793608	8541056
1783793613	4524144
1783793618	4254736
1783793623	11083696
1783793628	8526800
1783793633	10980352
1783793639	10794496
1783793644	4386384
1783793649	10228256
1783793654	5729952
1783793659	11905024
1783793664	7362752
1783793669	9029904
1783793674	9648624
1783793679	13634224
1783793684	5511600
1783793689	12513632
1783793694	9397488
1783793699	6349088
1783793704	3944432
1783793709	4964560
1783793714	8688896
1783793719	11214800
1783793724	4796176
1783793729	4945712
1783793735	7611504
1783793740	6294128
1783793745	2402128
1783793750	10192064
1783793755	8077168
1783793760	10313808
1783793765	9923856
1783793770	5518896
1783793775	8895808
1783793780	10848384
1783793785	5745808
1783793790	5097328
1783793795	9994560
1783793800	11492384
1783793805	3586368
1783793810	10650928
1783793815	8175776
1783793820	11202448
1783793825	8963152
1783793830	3492976
1783793835	7840576
1783793841	5299024
1783793846	10768000
1783793851	4951792
1783793856	7243984
1783793861	9376480
1783793866	11292352
1783793871	4545808
1783793876	8945248
1783793881	4998400
1783793886	9851600
1783793891	7662512
1783793896	9255632
1783793901	7673472
1783793906	2566880
1783793911	5172640
1783793916	6386112
1783793921	5289536
1783793926	11564432
1783793931	4315984
1783793936	7554080
1783793941	8682016
1783793946	7577136
1783793951	9365568
1783793956	11232528
1783793961	11982224
1783793967	5059488
1783793972	10949024
1783793977	5435072
1783793982	12572992
1783793987	4905824
1783793992	6022208
1783793997	9620336
1783794002	15356528
1783794007	11045296
1783794013	3947920
1783794018	7748736
1783794023	6734032
1783794028	9621408
1783794033	9049920
1783794038	11467408
1783794043	4401824
1783794048	6221472
1783794053	8916096
1783794058	10074816
1783794063	12943216
1783794068	10794976
1783794073	8436608
1783794078	10429456
1783794083	13464576
1783794088	13742672
1783794093	6087664
1783794098	8145216
1783794103	5034848
1783794108	7825952
1783794113	10085568
1783794118	6622656
1783794123	4047408
1783794128	8675072
1783794134	13517680
1783794139	9571568
1783794144	5806080
1783794149	4041200
1783794154	5386240
1783794159	9727216
1783794164	10997776
1783794169	7557488
1783794174	9707664
1783794179	5281200
1783794184	5106368
1783794189	6330960
1783794194	9743712
1783794199	10058960
1783794204	13379280
1783794209	2967984
1783794214	6837072
1783794219	4444608
1783794224	7258800
1783794229	1502144
1783794234	4997808
1783794239	6813200
1783794244	8366736
1783794249	9603264
1783794254	8640224
1783794260	6654064
1783794265	9646080
1783794270	10482576
1783794275	8656384
1783794280	12143696
1783794285	7926736
1783794290	10535120
1783794295	8147520
1783794300	10455408
1783794305	9856448
1783794310	6866736
1783794315	11526384
1783794320	7867264
1783794325	11048128
1783794330	4813904
1783794335	10623520
1783794340	6787552
1783794345	10501344
1783794350	13597472
1783794355	3319120
1783794360	10245216
1783794365	6840592
1783794370	5771632
1783794375	7499744
1783794380	11642912
1783794385	9459824
1783794391	10110112
1783794396	13081488
1783794401	2677136
1783794406	11009328
1783794411	8654496
1783794416	7878224
1783794421	10273568
1783794426	9295584
1783794431	8168480
1783794436	9766768
1783794441	9473616
1783794446	12038624
1783794451	6891696
1783794456	10203744
1783794461	5120928
1783794466	9990896
1783794471	8565088
1783794476	10739504
1783794481	6597040
1783794486	5643968
1783794491	6501312
1783794496	3608000
1783794501	6712416
1783794506	3448784
1783794511	6983600
1783794516	2555824
1783794522	10109216
1783794527	6265296
1783794532	8256336
1783794537	11838448
1783794542	2794304
1783794547	6311696
1783794552	2626480
1783794557	4934896
1783794562	10910096
1783794567	8783440
1783794572	7288544
1783794577	4649088
1783794582	4111856
1783794587	11420288
1783794592	8910160
1783794597	10623216
1783794602	4264752
1783794607	8675008
1783794613	5015648
1783794618	10769232
1783794623	3089984
1783794628	6141376
1783794633	2414352
1783794638	9210448
1783794643	7488096
1783794648	8795920
1783794653	13329536
1783794658	6479152
1783794663	12526096
1783794668	2538224
1783794673	9028032
1783794678	8258064
1783794683	5738640
1783794688	8677568
1783794693	6316256
1783794698	4258064
1783794703	9118192
1783794708	5942016
1783794713	4103744
1783794719	11062320
1783794724	11776096
1783794729	12099424
1783794734	7852208
1783794739	6114624
1783794744	8207232
1783794749	6674352
1783794754	10506736
1783794759	7810608
1783794764	5804912
1783794769	9019872
1783794774	11674336
1783794779	4442864
1783794784	5560992
1783794789	4284848
1783794794	3443200
1783794799	9211936
1783794804	3566176
1783794810	5817232
1783794815	8772496
1783794820	12797296
1783794825	6540560
1783794830	11075616
1783794835	3134720
1783794840	7805600
1783794845	4735520
1783794850	6330960
1783794855	1341504
1783794860	8011312
1783794865	5428800
1783794870	6251376
1783794875	9563056
1783794880	8369584
1783794885	12805760
1783794890	14656352
1783794895	10362528
1783794900	6443616
1783794905	13804960
1783794910	10975872
1783794915	8855888
1783794920	6664880
1783794925	6732832
1783794930	11961088
1783794936	7931840
1783794941	12693696
1783794946	8768032
1783794951	4529376
1783794956	11135568
1783794961	10571968
1783794966	13234256
1783794971	14394816
1783794976	12033888
1783794981	13742176
1783794986	12271424
1783794991	5670656
1783794996	8191136
1783795001	7301312
1783795006	11203504
1783795011	3654576
1783795016	11126240
1783795021	5328992
1783795026	4799712
1783795031	3926736
1783795037	3546736
1783795042	4924432
1783795047	5520688
1783795052	8331664
1783795057	9714592
1783795062	11588784
1783795067	12480352
1783795072	4831360
1783795077	8252368
1783795082	8679584
1783795087	12718432
1783795092	3235568
1783795097	7630448
1783795102	7045952
1783795107	12552672
1783795113	8918432
1783795118	9128816
1783795123	14327024
1783795128	15397840
1783795133	11301888
1783795138	9998000
1783795143	7862128
1783795148	10992320
1783795153	11275424
1783795158	6088288
1783795163	8174112
1783795168	9073312
1783795173	8829152
1783795178	11925728
1783795183	12463376
1783795188	7379168
1783795193	12587552
1783795198	7654720
1783795203	13299776
1783795208	6224288
1783795213	11804704
1783795218	5942640
1783795223	9981264
1783795228	12484176
1783795233	3371152
1783795239	6244896
1783795244	4746544
1783795249	10529888
1783795254	8066240
1783795259	9316416
1783795264	11426512
1783795269	5864880
1783795274	5130656
1783795279	9769824
1783795284	11584320
1783795289	14050912
1783795294	7904688
1783795299	9929232
1783795304	7176432
1783795309	5990288
1783795314	11905232
1783795319	10747536
1783795325	4892672
1783795330	7589024
1783795335	9054096
1783795340	14416720
1783795345	10578272
1783795350	9866432
1783795355	5070400
1783795360	5993376
1783795365	8060368
1783795370	13876992
1783795375	8885488
1783795380	10942384
1783795385	11986720
1783795390	4196880
1783795395	7578416
1783795400	4815776
1783795405	5406448
1783795410	9323776
1783795415	12051760
1783795420	8652288
1783795425	13516352
1783795431	7981408
1783795436	6404976
1783795441	9050608
1783795446	11741072
1783795451	9052592
1783795456	9552000
1783795461	12135344
1783795466	2746688
1783795471	7380032
1783795476	4770336
1783795481	8488944
1783795486	4709936
1783795491	12648656
1783795496	7796160
1783795501	11294496
1783795506	6617296
1783795511	7590752
1783795516	9051104
1783795521	10078416
1783795527	8049744
1783795532	4787248
1783795537	8836160
1783795542	7656768
1783795547	9241520
1783795552	7865136
1783795557	7576768
1783795562	6132880
1783795567	8839872
1783795572	10601984
1783795577	2840688
1783795582	9510752
1783795587	4767536
1783795592	10137920
1783795597	5286944
1783795602	8450064
1783795607	4236080
1783795612	10253024
1783795617	8503008
1783795622	10631776
1783795627	8894672
1783795632	11669200
1783795637	8266560
1783795642	11672416
1783795648	5993248
1783795653	12421712
1783795658	10459216
1783795663	5310240
1783795668	4815360
1783795673	10002832
1783795678	11297408
1783795683	7196864
1783795688	9707840
1783795693	5325232
1783795698	8851744
1783795703	8804368
1783795708	11643856
1783795713	12701712
1783795718	12852272
1783795723	7848352
1783795728	3704768
1783795733	6599840
1783795738	11906192
1783795743	9571584
1783795748	10702112
1783795753	12432640
1783795759	11334768
1783795764	5000896
1783795769	9200992
1783795774	2477760
1783795779	5666848
1783795784	3772944
1783795789	10591520
1783795794	6042864
1783795799	9831424
1783795804	11305024
1783795809	4002816
1783795814	5164496
1783795819	9711200
1783795824	5051760
1783795829	10239216
1783795834	7535408
1783795839	7699296
1783795844	10369936
1783795849	7029808
1783795854	11186016
1783795860	3643776
1783795865	6881248
1783795870	8024976
1783795875	11395056
1783795880	9170288
1783795885	12781648
1783795890	4420368
1783795895	11689904
1783795900	8777888
1783795905	11864160
1783795910	3973152
1783795915	7250016
1783795920	6767984
1783795925	12930032
1783795930	11061760
1783795935	14047808
1783795940	3414448
1783795946	7416768
1783795951	4464768
1783795956	9939456
1783795961	6744784
1783795966	10416288
1783795971	10119424
1783795976	6233952
1783795981	9925808
1783795986	11750688
1783795991	7020224
1783795996	9816496
1783796001	8018512
1783796006	8362704
1783796011	12469024
1783796016	9269376
1783796021	8907456
1783796026	4746464
1783796031	6033344
1783796036	5832032
1783796041	12942112
1783796046	10038336
1783796051	12360560
1783796056	9222784
1783796061	3558576
1783796066	9883296
1783796072	9015024
1783796077	12811584
1783796082	4105776
1783796087	5467520
1783796092	7986816
1783796097	10329552
1783796102	14408624
1783796107	7122048
1783796112	12958560
1783796117	8033920
1783796122	14352272
1783796127	11207616
1783796132	13502752
1783796137	3451472
1783796142	10130368
1783796147	7420496
1783796152	7031872
1783796158	13470128
1783796163	9887616
1783796168	10938080
1783796173	13205808
1783796178	3095664
1783796183	6510848
1783796188	8735584
1783796193	11991184
1783796198	5444096
1783796203	8222320
1783796208	11257328
1783796213	13336128
1783796218	2068752
1783796223	5629200
1783796228	8933552
1783796233	10930544
1783796238	7121648
1783796243	9246656
1783796248	10060032
1783796253	15583024
1783796258	10449888
1783796263	15669968
1783796269	10619792
1783796274	7314368
1783796279	10813600
1783796284	9768992
1783796289	11282208
1783796294	14452768
1783796299	9711472
1783796304	8144256
1783796309	13575824
1783796314	5895568
1783796319	6857936
1783796324	7806608
1783796329	13953024
1783796334	11122592
1783796339	14975312
1783796344	6924784
1783796349	13106992
1783796354	9306000
1783796359	12935488
1783796364	6478144
1783796369	13664912
1783796374	8340896
1783796379	8495952
1783796384	10133376
1783796390	8926544
1783796395	15632688
1783796400	10384944
1783796405	9876848
1783796410	6463584
1783796415	10479968
1783796420	5778000
1783796425	7085056
1783796430	8048256
1783796435	11301552
1783796440	5112736
1783796445	8026144
1783796450	4550800
1783796455	11369952
1783796460	9197792
1783796465	11561104
1783796470	10574576
1783796475	5750464
1783796480	3774576
1783796485	7347584
1783796490	10369856
1783796495	7572704
1783796500	8811456
1783796506	5895552
1783796511	7967872
1783796516	8017872
1783796521	9361936
1783796526	8928992
1783796531	10948864
1783796536	10777168
1783796541	13405088
1783796546	10918704
1783796551	8519152
1783796556	11459936
1783796561	4070048
1783796566	11526128
1783796571	7044160
1783796576	14112944
1783796581	9801456
1783796586	7072576
1783796591	8755584
1783796596	6910096
1783796601	9779648
1783796606	9433856
1783796611	9640848
1783796616	10120080
1783796621	14294800
1783796626	14701552
1783796631	9785904
1783796636	8825040
1783796641	13335888
1783796647	5785568
1783796652	8026192
1783796657	7851664
1783796662	13658288
1783796667	10225488
1783796672	9350656
1783796677	14044864
1783796682	3196048
1783796687	7133648
1783796692	10867408
1783796697	15501280
1783796702	9579280
1783796707	11158352
1783796712	11869824
1783796717	13391680
1783796722	9130496
1783796727	9212432
1783796732	6843360
1783796737	11695936
1783796742	12123712
1783796747	14447488
1783796752	6930928
1783796758	8738704
1783796763	12189920
1783796768	9958496
1783796773	5377680
1783796778	4596208
1783796783	8073936
1783796788	5131328
1783796793	3112368
1783796798	8624496
1783796803	11465072
1783796808	15113840
1783796813	5733056
1783796818	8186480
1783796824	10129856
1783796829	11984096
1783796834	9052784
1783796839	13734576
1783796844	12976816
1783796849	10597696
1783796854	12380992
1783796859	9045680
1783796864	6446256
1783796869	8597488
1783796874	7480544
1783796879	6768528
1783796884	9828032
1783796889	7546928
1783796894	8657952
1783796899	11909648
1783796904	12914912
1783796909	11515872
1783796914	14372704
1783796919	5529680
1783796924	8741040
1783796929	7848000
1783796935	8199648
1783796940	11758880
1783796945	10283168
1783796950	13210416
1783796955	10716608
1783796960	8467344
1783796965	10593872
1783796970	11058768
1783796975	13121968
1783796980	13891776
1783796985	7595808
1783796990	11863712
1783796995	10358256
1783797000	9528816
1783797005	9627888
1783797010	9303808
1783797015	7588288
1783797020	12733296
1783797025	8011216
1783797030	12530624
1783797035	4406624
1783797040	9863456
1783797045	7288496
1783797050	9571952
1783797055	3352656
1783797060	6210800
1783797065	10205088
1783797071	13605328
1783797076	7765184
1783797081	7749824
1783797086	9206608
1783797091	9601184
1783797096	9296192
1783797101	12173520
1783797106	9163808
1783797111	11186720
1783797116	14598704
1783797121	3261360
1783797126	6448272
1783797131	4381504
1783797136	9460656
1783797141	5070544
1783797146	12524816
1783797151	9168848
1783797156	8402592
1783797161	10907120
1783797166	11460304
1783797172	5411376
1783797177	5557040
1783797182	11149200
1783797187	9952576
1783797192	6329888
1783797197	4330704
1783797202	5333584
1783797207	8994656
1783797212	10351440
1783797217	6456832
1783797222	9594752
1783797227	8638976
1783797232	13179312
1783797237	8901760
1783797242	11825344
1783797247	10934944
1783797252	8926224
1783797257	10966656
1783797262	6152720
1783797267	13830048
1783797272	8689440
1783797277	11840928
1783797283	4113600
1783797288	5533600
1783797293	5647184
1783797298	8474896
1783797303	3230784
1783797308	6384416
1783797313	9670992
1783797318	8469632
1783797323	2987040
1783797328	6652880
1783797333	2025024
1783797338	9471680
1783797343	6980864
1783797348	7667552
1783797353	8833664
1783797359	4465584
1783797364	5842624
1783797369	10463536
1783797374	11327616
1783797379	8432976
1783797384	11720800
1783797389	8098208
1783797394	9498864
1783797399	6955872
1783797404	9804944
1783797409	7448704
1783797414	6459120
1783797419	6456528
1783797424	7466000
1783797429	10984320
1783797434	6385488
1783797440	6973312
1783797445	10740144
1783797450	9907216
1783797455	14179840
1783797460	10922112
1783797465	10857936
1783797470	11649360
1783797475	1988064
1783797480	4796560
1783797485	10814880
1783797490	5209408
1783797495	10278352
1783797500	8046656
1783797505	13354544
1783797510	9571824
1783797515	10447680
1783797520	12826256
1783797525	4436416
1783797530	8407648
1783797535	9693104
1783797540	5066176
1783797545	10421376
1783797550	6780896
1783797556	7496784
1783797561	6736160
1783797566	10689216
1783797571	9819824
1783797576	7583600
1783797581	10086800
1783797586	6210832
1783797591	7812480
1783797596	10436288
1783797601	9216144
1783797606	14303952
1783797611	7290064
1783797616	11435712
1783797621	5504096
1783797626	7511456
1783797631	7504816
1783797636	10995600
1783797641	10632016
1783797646	10814032
1783797651	8410512
1783797656	6659952
1783797661	9343360
1783797666	6297520
1783797671	1684048
1783797676	6319136
1783797681	8967568
1783797687	9730272
1783797692	5100576
1783797697	3872944
1783797702	6486512
1783797707	11063856
1783797712	12727152
1783797717	8564576
1783797722	6162368
1783797727	9776240
1783797732	13117440
1783797737	10601568
1783797742	12167536
1783797747	8765008
1783797752	6975456
1783797757	9815744
1783797762	12010480
1783797767	6795728
1783797772	9275456
1783797777	14605328
1783797782	13093712
1783797787	9999248
1783797792	10770976
1783797798	11519296
1783797803	5667248
1783797808	8662000
1783797813	11345632
1783797818	2300352
1783797823	6075600
1783797828	6819648
1783797833	13164608
1783797838	4444144
1783797843	7178256
1783797848	6902336
1783797853	13662496
1783797858	11305680
1783797863	12676288
1783797868	2531776
1783797873	10604128
1783797878	5523808
1783797883	10512304
1783797888	5793008
1783797893	6705088
1783797898	8124608
1783797903	8983056
1783797908	4294320
1783797914	8610688
1783797919	6485024
1783797924	9228640
1783797929	8023712
1783797934	10944288
1783797939	4171536
1783797944	10098544
1783797949	7553856
1783797954	6911200
1783797959	9393152
1783797964	7900592
1783797969	11046368
1783797974	11531184
1783797979	7038864
1783797984	14172800
1783797989	9311632
1783797994	11615040
1783797999	14757792
1783798004	9616544
1783798009	11416944
1783798015	3690016
1783798020	6455488
1783798025	4519280
1783798030	7308032
1783798035	8900496
1783798040	10802848
1783798045	10167104
1783798050	13649024
1783798055	12637216
1783798060	11359760
1783798065	4387408
1783798070	10197184
1783798075	8685728
1783798080	9636480
1783798085	14548992
1783798090	10547072
1783798095	7033648
1783798100	4908272
1783798105	9218384
1783798110	4049360
1783798115	6389856
1783798120	2955472
1783798125	9588848
1783798130	4413360
1783798136	6883904
1783798141	9738480
1783798146	11968208
1783798151	11682688
1783798156	10381040
1783798161	8596064
1783798166	7803760
1783798171	11363728
1783798176	9926128
1783798181	8879504
1783798186	8801280
1783798191	9682480
1783798196	6658016
1783798201	3277648
1783798206	7345904
1783798211	10184592
1783798216	11499776
1783798221	8608240
1783798226	4437552
1783798231	8569072
1783798237	14358224
1783798242	12171984
1783798247	14385776
1783798252	9553904
1783798257	5006960
1783798262	9485056
1783798267	13169568
1783798272	5787200
1783798277	7843680
1783798282	11178064
1783798287	8028752
1783798292	2548096
1783798297	6488672
1783798302	10004848
1783798307	6583456
1783798312	6543552
1783798317	8202832
1783798322	9254336
1783798328	13345808
1783798333	10338512
1783798338	6483184
1783798343	7856288
1783798348	7440256
1783798353	9632320
1783798358	2961136
1783798363	9042256
1783798368	5355424
1783798373	11539024
1783798378	13223344
1783798383	9234256
1783798388	7346624
1783798393	6143008
1783798398	10157744
1783798403	4193424
1783798408	7570896
1783798413	3390528
1783798418	9335424
1783798423	5652496
1783798428	8706000
1783798433	13173552
1783798438	6306256
1783798443	8736880
1783798449	6269808
1783798454	4802016
1783798459	9457888
1783798464	3032384
1783798469	4174960
1783798474	4545392
1783798479	11076784
1783798484	4920336
1783798489	3748336
1783798494	6767824
1783798499	9463488
1783798504	12453648
1783798509	4791424
1783798514	6999056
1783798519	2628288
1783798524	8045328
1783798529	7105728
1783798534	9513936
1783798539	9047664
1783798544	12183904
1783798550	6325840
1783798555	11387984
1783798560	7795472
1783798565	10695888
1783798570	2742592
1783798575	5991040
1783798580	4135232
1783798585	11130592
1783798590	7418048
1783798595	10408208
1783798600	11810384
1783798605	3513152
1783798610	6605328
1783798615	5370496
1783798620	4550688
1783798625	4987840
1783798630	8568688
1783798635	3892928
1783798640	6260144
1783798645	7077088
1783798651	4140576
1783798656	8658608
1783798661	6964800
1783798666	9926448
1783798671	5450240
1783798676	8562880
1783798681	7168048
1783798686	6969712
1783798691	6687424
1783798696	9404288
1783798701	4698736
1783798706	9507008
1783798711	3402688
1783798716	7123392
1783798721	2079744
1783798726	9376816
1783798731	6821920
1783798736	10172096
1783798741	13452048
1783798746	4063264
1783798751	7927376
1783798756	11224672
1783798761	9694112
1783798766	2260736
1783798771	5378688
1783798776	2368672
1783798782	7877184
1783798787	4793440
1783798792	8429472
1783798797	11515920
1783798802	7333136
1783798807	4872992
1783798812	9866384
1783798817	2069616
1783798822	6514112
1783798827	6874128
1783798832	9418096
1783798837	8077920
1783798842	9784176
1783798847	12091008
1783798852	10622960
1783798857	6905168
1783798862	9747888
1783798867	12253952
1783798873	13049216
1783798878	4594736
1783798883	7664224
1783798888	9255280
1783798893	13690320
1783798898	8755920
1783798903	12205232
1783798908	4625808
1783798913	10028944
1783798918	3010320
1783798923	6881520
1783798928	7553104
1783798933	10154944
1783798938	4186480
1783798943	7293808
1783798948	5864384
1783798953	12013248
1783798958	11298864
1783798963	8644000
1783798968	6188320
1783798973	5710672
1783798978	9871904
1783798983	6821360
1783798989	9771440
1783798994	6501504
1783798999	7813664
1783799004	7807456
1783799009	8621888
1783799014	11258960
1783799019	5759888
1783799024	5200624
1783799029	4340896
1783799034	7661824
1783799039	4737552
1783799044	5827424
1783799049	4705456
1783799054	9963152
1783799059	7177472
1783799064	9765984
1783799069	4381696
1783799074	8954096
1783799079	6551504
1783799084	9425840
1783799089	7341280
1783799094	9513760
1783799099	11780272
1783799104	10661584
1783799110	5185248
1783799115	9797024
1783799120	12617328
1783799125	11126256
1783799130	5582096
1783799135	11042464
1783799140	3069680
1783799145	7915968
1783799150	8992320
1783799155	7618016
1783799160	5090848
1783799165	4479984
1783799170	8281568
1783799175	11043664
1783799180	7089456
1783799185	11867616
1783799190	8667024
1783799195	9382832
1783799200	11753600
1783799205	14239920
1783799210	6574480
1783799215	9279696
1783799220	10609232
1783799225	15643792
1783799231	12771984
1783799236	8667248
1783799241	14917856
1783799246	10504656
1783799251	12634192
1783799256	9270608
1783799261	14640736
1783799266	12440384
1783799271	12870464
1783799276	8920272
1783799281	8055920
1783799286	7290400
1783799291	11501872
1783799296	7215744
1783799301	9458544
1783799306	4942816
1783799311	9775408
1783799316	9244464
1783799321	12905056
1783799326	10029424
1783799331	10851920
1783799336	13454496
1783799341	8299472
1783799346	15058336
1783799351	11711648
1783799356	8998384
1783799362	8385504
1783799367	5495568
1783799372	9773104
1783799377	10637856
1783799382	5509536
1783799387	8657008
1783799392	7079328
1783799397	7987392
1783799402	8867376
1783799407	10948592
1783799412	9661248
1783799417	9362576
1783799422	3417792
1783799427	8992208
1783799432	7911552
1783799437	13203584
1783799442	5167872
1783799447	11510928
1783799452	8563392
1783799457	10040240
1783799462	9740176
1783799467	5587744
1783799472	4953808
1783799477	9898688
1783799483	4989664
1783799488	5172416
1783799493	6418720
1783799498	9445536
1783799503	9000800
1783799508	6060416
1783799513	10373648
1783799518	9605840
1783799523	5740464
1783799528	4920272
1783799533	8694848
1783799538	11497616
1783799543	7345872
1783799548	12260480
1783799553	10248448
1783799558	9968432
1783799563	13340432
1783799568	10591168
1783799573	6409200
1783799578	4768656
1783799583	10667440
1783799588	4725120
1783799593	11321904
1783799598	7271680
1783799603	5752752
1783799608	13065936
1783799614	8355760
1783799619	8890720
1783799624	12861744
1783799629	4646160
1783799634	7723824
1783799639	7857344
1783799644	4315744
1783799649	9979664
1783799654	4194672
1783799659	4211744
1783799664	7619888
1783799669	10707024
1783799674	15494416
1783799679	9743376
1783799684	6729024
1783799689	14122080
1783799694	9772112
1783799699	9373552
1783799704	10010080
1783799710	10803760
1783799715	6749664
1783799720	8477808
1783799725	12068272
1783799730	8519536
1783799735	4956560
1783799740	7786752
1783799745	5545072
1783799750	9392208
1783799755	4903168
1783799760	8303472
1783799765	6487408
1783799770	13135296
1783799775	8987184
1783799780	14586560
1783799785	9086704
1783799790	7258736
1783799795	3903504
1783799800	8982256
1783799805	2726480
1783799810	5046816
1783799815	5835824
1783799820	10426864
1783799826	5858704
1783799831	12899776
1783799836	8799488
1783799841	13907696
1783799846	9636896
1783799851	10383120
1783799856	14638368
1783799861	10070448
1783799866	12989392
1783799871	11574400
1783799876	13527664
1783799881	10380800
1783799886	8271744
1783799891	9491520
1783799896	6699584
1783799901	7414288
1783799906	9636320
1783799911	7774880
1783799916	8943280
1783799921	9978048
1783799926	8556544
1783799931	10818736
1783799936	2137840
1783799941	5712416
1783799947	6418592
1783799952	4538384
1783799957	4538912
1783799962	8458192
1783799967	10969664
1783799972	9245888
1783799977	3680464
1783799982	10302352
1783799987	8330176
1783799992	6328992
1783799997	8797408
1783800002	10307104
1783800007	9381856
1783800012	6191888
1783800017	11076864
1783800022	9345264
1783800027	9889760
1783800032	8550592
1783800037	3814416
1783800042	11953536
1783800047	10774848
1783800052	8554096
1783800057	11111472
1783800063	9113648
1783800068	11167632
1783800073	7565808
1783800078	10335856
1783800083	1853280
1783800088	8151360
1783800093	6134688
1783800098	10392368
1783800103	8240544
1783800108	10217920
1783800113	10123696
1783800118	7943456
1783800123	3310320
1783800128	8172000
1783800133	8838704
1783800138	13970464
1783800144	9797536
1783800149	12017568
1783800154	13701776
1783800159	7109504
1783800164	4648592
1783800169	6625296
1783800174	10120944
1783800179	11989200
1783800184	8844944
1783800189	5832032
1783800194	8218672
1783800199	10290640
1783800204	7593168
1783800209	9467152
1783800214	6164384
1783800219	12744624
1783800224	7290656
1783800229	11461248
1783800234	11404288
1783800239	4221616
1783800244	4995392
1783800249	7675664
1783800254	9561792
1783800259	6196800
1783800264	9179216
1783800269	9833936
1783800274	7323776
1783800280	3621552
1783800285	8310576
1783800290	11059824
1783800295	3417856
1783800300	7460464
1783800305	4993952
1783800310	10523616
1783800315	6039552
1783800320	9030576
1783800325	12767808
1783800330	7208848
1783800335	8732016
1783800340	12263408
1783800345	12628032
1783800350	12117392
1783800355	10872048
1783800360	6013072
1783800365	9652544
1783800370	8493648
1783800375	11686432
1783800380	5165568
1783800385	8658656
1783800390	6003552
1783800395	4895456
1783800400	10313008
1783800406	7424096
1783800411	7009712
1783800416	9750528
1783800421	10061168
1783800426	13966112
1783800431	2749488
1783800436	6414640
1783800441	3460800
1783800446	10502080
1783800451	7484496
1783800456	9648608
1783800461	14332848
1783800466	6890416
1783800471	8622384
1783800476	7165552
1783800481	6609824
1783800486	1643536
1783800491	5483280
1783800496	8950928
1783800501	4161840
1783800506	7864352
1783800511	8770544
1783800516	11913328
1783800521	9838144
1783800526	8294400
1783800532	8334704
1783800537	10825872
1783800542	11139344
1783800547	12615552
1783800552	13308448
1783800557	8390528
1783800562	11068416
1783800567	2384960
1783800572	10130032
1783800577	5518256
1783800582	7440368
1783800587	6038464
1783800592	9145328
1783800597	8716816
1783800602	10939312
1783800607	5938048
1783800612	9143552
1783800617	12797616
1783800622	9863424
1783800627	7403120
1783800632	10387232
1783800637	14421824
1783800642	4842720
1783800647	6289776
1783800652	8017728
1783800657	9561392
1783800663	6337664
1783800668	8415296
1783800673	4450240
1783800678	4578624
1783800683	9820816
1783800688	3675504
1783800693	5023168
1783800698	8225680
1783800703	10397552
1783800708	13844320
1783800713	8897184
1783800718	13027920
1783800723	5568992
1783800728	9416624
1783800733	7195984
1783800738	11641824
1783800743	14287712
1783800748	8773904
1783800753	6632320
1783800758	9236768
1783800763	12717840
1783800768	5623408
1783800773	9056528
1783800778	9383952
1783800783	8086544
1783800789	3997248
1783800794	5242864
1783800799	11098688
1783800804	9329120
1783800809	6852352
1783800814	4449424
1783800819	6502256
1783800824	9601232
1783800829	9998272
1783800834	5266208
1783800839	4928032
1783800844	7575392
1783800849	9818896
1783800855	6446848
1783800860	3559760
1783800865	7860672
1783800870	11483328
1783800875	13816032
1783800880	3902880
1783800885	5009744
1783800890	9969152
1783800895	11106272
1783800900	5601952
1783800905	12007312
1783800910	8371008
1783800915	9154944
1783800920	12516096
1783800925	14596528
1783800930	10154144
1783800935	12023664
1783800940	11248192
1783800945	14538032
1783800950	5319008
1783800955	7874624
1783800960	10131040
1783800965	11145936
1783800971	11813008
1783800976	9818256
1783800981	13996272
1783800986	7788416
1783800991	12964672
1783800996	9577104
1783801001	9594960
1783801006	3828128
1783801011	6834688
1783801016	4180352
1783801021	5468448
1783801026	7694512
1783801031	9919776
1783801036	12079680
1783801041	7144064
1783801046	11790960
1783801051	9901232
1783801056	9593552
1783801061	13831952
1783801066	5802448
1783801071	7310784
1783801076	13016656
1783801081	10861504
1783801086	9712912
1783801091	9899040
1783801096	13961248
1783801101	9844688
1783801107	15067552
1783801112	8927216
1783801117	7958592
1783801122	8617984
1783801127	3602432
1783801132	7690176
1783801137	7552592
1783801142	4582224
1783801147	10474464
1783801152	7497360
1783801157	11228736
1783801162	8232144
1783801167	11931680
1783801172	8503968
1783801177	13046416
1783801182	3058016
1783801187	6332080
1783801192	2598832
1783801197	9906032
1783801203	6166960
1783801208	12714080
1783801213	9319648
1783801218	12022688
1783801223	10765952
1783801228	2066464
1783801233	6832432
1783801238	8554352
1783801243	14692880
1783801248	9980432
1783801253	8501008
1783801258	4615536
1783801263	12970336
1783801268	10363040
1783801273	8660096
1783801278	11071392
1783801283	4768320
1783801288	10957136
1783801293	3286208
1783801298	6341632
1783801303	7345616
1783801309	10147040
1783801314	6102032
1783801319	9578848
1783801324	13358832
1783801329	14873968
1783801334	8297424
1783801339	11125152
1783801344	8186704
1783801349	5722064
1783801354	8742464
1783801359	6629120
1783801364	9694160
1783801369	11789808
1783801374	2947424
1783801379	6726224
1783801384	9944800
1783801389	8416400
1783801394	6462736
1783801399	9263680
1783801404	2281600
1783801409	9675968
1783801414	6491168
1783801419	9977632
1783801424	11665952
1783801429	4859792
1783801434	4986336
1783801439	6761216
1783801444	3994624
1783801450	9563024
1783801455	6088896
1783801460	5150960
1783801465	6080416
1783801470	9538912
1783801475	11554720
1783801480	13128816
1783801485	7276608
1783801490	11723456
1783801495	8609056
1783801500	10536864
1783801505	3060496
1783801510	9578896
1783801515	7453616
1783801520	8586928
1783801525	13536352
1783801530	14640896
1783801535	8513600
1783801540	10545312
1783801545	11508096
1783801550	8403392
1783801555	5258256
1783801560	6161520
1783801565	11773440
1783801571	4301456
1783801576	10927328
1783801581	9229168
1783801586	12065312
1783801591	3182016
1783801596	10987664
1783801601	10048672
1783801606	7648256
1783801611	9262208
1783801616	12220336
1783801621	11312096
1783801626	8751312
1783801631	14193904
1783801636	8794816
1783801641	11546880
1783801646	10520032
1783801651	7143168
1783801656	8128592
1783801662	10106128
1783801667	4753712
1783801672	8352992
1783801677	8026624
1783801682	10202672
1783801687	8062032
1783801692	5394448
1783801697	7211392
1783801702	4397584
1783801707	5475936
1783801712	4944816
1783801717	5203200
1783801722	5806544
1783801727	7009328
1783801732	8523888
1783801737	8936224
1783801742	8676176
1783801747	5306848
1783801752	9920848
1783801758	3878016
1783801763	11777200
1783801768	7959632
1783801773	12844464
1783801778	13937968
1783801783	10760512
1783801788	12156256
1783801793	12340272
1783801798	8733856
1783801803	7072560
1783801808	9349504
1783801813	11698112
1783801818	11378320
1783801823	8927264
1783801828	6518768
1783801833	9513328
1783801838	11690688
1783801843	8801808
1783801848	13889872
1783801853	10405008
1783801858	9894800
1783801863	11572032
1783801868	8405984
1783801873	6503952
1783801878	4741648
1783801883	6369520
1783801889	4790496
1783801894	3750176
1783801899	7077952
1783801904	7903936
1783801909	13038448
1783801914	6878368
1783801919	7456528
1783801924	8845904
1783801929	9542592
1783801934	10996064
1783801939	5771712
1783801944	5511792
1783801949	5924576
1783801954	7648928
1783801959	3466960
1783801964	6991216
1783801969	7084976
1783801974	11869568
1783801979	8489344
1783801984	14057584
1783801989	6881600
1783801994	9050688
1783801999	10982832
1783802004	1993840
1783802009	5637488
1783802014	6462352
1783802019	11749728
1783802025	6803616
1783802030	9867840
1783802035	10438432
1783802040	4541072
1783802045	5843136
1783802050	9519504
1783802055	10776352
1783802060	11392016
1783802065	13233504
1783802070	9749776
1783802075	11076608
1783802080	2725296
1783802085	3984816
1783802090	7249888
1783802095	10909760
1783802100	12177600
1783802105	6460896
1783802110	5538304
1783802115	9260048
1783802120	11873616
1783802125	3632896
1783802130	9345136
1783802135	6725744
1783802140	4387792
1783802145	9310832
1783802150	10954928
1783802156	14775696
1783802161	9517904
1783802166	11560160
1783802171	10859792
1783802176	11878400
1783802181	7806224
1783802186	10302224
1783802191	3832480
1783802196	11005984
1783802201	7025088
1783802206	6138640
1783802211	8759920
1783802216	10863440
1783802221	3484928
1783802226	6214000
1783802231	7581952
1783802236	7274976
1783802241	5832368
1783802246	4493472
1783802251	5370544
1783802256	9573184
1783802261	10915184
1783802266	12243104
1783802271	9733296
1783802276	7159232
1783802281	4218912
1783802286	4773872
1783802291	7369664
1783802297	6330032
1783802302	6949360
1783802307	7837296
1783802312	7852608
1783802317	4612640
1783802322	5265024
1783802327	8434016
1783802332	5222208
1783802337	5834016
1783802342	3419472
1783802347	6533536
1783802352	7228560
1783802357	6922352
1783802362	10417504
1783802367	13112432
1783802372	11219408
1783802377	10532768
1783802382	3007040
1783802387	11036480
1783802392	7766144
1783802397	6896128
1783802402	9740400
1783802407	9002976
1783802412	8800976
1783802417	5435776
1783802422	7808512
1783802428	10243392
1783802433	5111408
1783802438	5525344
1783802443	9023072
1783802448	12854352
1783802453	5305664
1783802458	9281664
1783802463	8334704
1783802468	12779104
1783802473	5177536
1783802478	8861104
1783802483	3140752
1783802488	7001952
1783802493	5905888
1783802498	12793536
1783802503	11656064
1783802508	9189920
1783802513	10751392
1783802518	8533840
1783802523	7936256
1783802528	9418832
1783802533	10721456
1783802538	12185904
1783802543	7976128
1783802549	4182096
1783802554	7766768
1783802559	10005408
1783802564	9945552
1783802569	7291088
1783802574	9504912
1783802579	11099648
1783802584	11815152
1783802589	9430720
1783802594	6943312
1783802599	8596608
1783802604	9635184
1783802609	6473984
1783802614	12790208
1783802619	9485712
1783802624	8559680
1783802629	5089440
1783802634	5894816
1783802639	8479168
1783802644	10762992
1783802649	7343696
1783802654	6468016
1783802659	6538592
1783802664	9790976
1783802669	7497200
1783802675	10540112
1783802680	3377376
1783802685	9881488
1783802690	7780384
1783802695	11761008
1783802700	12561808
1783802705	9215568
1783802710	7786800
1783802715	10016928
1783802720	3247968
1783802725	6558480
1783802730	3620608
1783802735	9848240
1783802740	6528672
1783802745	8615472
1783802750	10466832
1783802755	13334512
1783802760	9124240
1783802765	10895264
1783802770	11407600
1783802775	2935312
1783802780	10031552
1783802785	8126256
1783802790	10826864
1783802795	13840144
1783802800	8636720
1783802805	9660240
1783802811	7200352
1783802816	13324896
1783802821	9718352
1783802826	5309104
1783802831	6292112
1783802836	5414128
1783802841	8542768
1783802846	11482944
1783802851	5706816
1783802856	5719344
1783802861	4957136
1783802866	3850624
1783802871	7638208
1783802876	3952512
1783802881	4561728
1783802886	6858320
1783802891	13639920
1783802896	11909360
1783802901	10988736
1783802906	7743232
1783802911	5925904
1783802916	7838064
1783802922	13556688
1783802927	8617248
1783802932	9836912
1783802937	3507344
1783802942	10699456
1783802947	5540448
1783802952	6020480
1783802957	7722320
1783802962	10231312
1783802967	5464864
1783802972	7641840
1783802977	4540944
1783802982	2628880
1783802987	6647040
1783802992	6758112
1783802997	13951360
1783803002	11507184
1783803007	12478048
1783803013	9700960
1783803018	6787360
1783803023	9121440
1783803028	7266368
1783803033	9996272
1783803038	10482736
1783803043	6584016
1783803048	6191584
1783803053	9943248
1783803058	6639760
1783803063	13284208
1783803068	9825776
1783803073	7565200
1783803078	6289120
1783803083	6617456
1783803088	10295024
1783803093	5737488
1783803098	7852848
1783803104	2342240
1783803109	5684896
1783803114	7035200
1783803119	10145712
1783803124	7740576
1783803129	9939152
1783803134	7048768
1783803139	14363200
1783803144	8670016
1783803149	10171600
1783803154	7111184
1783803159	9427616
1783803164	5592288
1783803169	11882400
1783803174	3537504
1783803179	6083408
1783803184	7967760
1783803189	8447376
1783803195	7482864
1783803200	10895664
1783803205	7407904
1783803210	7149680
1783803215	7280128
1783803220	6170608
1783803225	12413936
1783803230	4691696
1783803235	8636208
1783803240	10374624
1783803245	7571776
1783803250	13860912
1783803255	8610528
1783803260	11147264
1783803265	4020112
1783803270	8945760
1783803275	6693056
1783803280	11541968
1783803285	6438496
1783803290	13211520
1783803296	8097088
1783803301	7364624
1783803306	4317152
1783803311	11198752
1783803316	7671296
1783803321	9322144
1783803326	10429264
1783803331	3894784
1783803336	8078352
1783803341	9623200
1783803346	11941296
1783803351	6773920
1783803356	12966240
1783803361	14035424
1783803366	12330016
1783803371	8963920
1783803377	11913232
1783803382	6668512
1783803387	6532992
1783803392	8526256
1783803397	11104736
1783803402	6769456
1783803407	13764384
1783803412	8010320
1783803417	14185312
1783803422	3293248
1783803427	10488400
1783803432	3939920
1783803437	4454720
1783803442	11606320
1783803447	7406032
1783803452	7811328
1783803457	8523360
1783803462	11589344
1783803467	5305584
1783803472	3356800
1783803477	7671168
1783803482	12042080
1783803487	10056816
1783803493	3185792
1783803498	6658064
1783803503	8559648
1783803508	11281152
1783803513	10627632
1783803518	1170272
1783803523	5902096
1783803528	10907056
1783803533	11027616
1783803538	5904224
1783803543	4164704
1783803548	7914352
1783803553	10000304
1783803558	11427568
1783803563	3585904
1783803568	7461312
1783803573	10218448
1783803578	11919440
1783803584	2565744
1783803589	5841232
1783803594	9134064
1783803599	12772304
1783803604	7631616
1783803609	12931952
1783803614	9969424
1783803619	10526768
1783803624	10557232
1783803629	8461200
1783803634	11726752
1783803639	11565344
1783803644	5219504
1783803649	4903120
1783803654	9693936
1783803660	10102048
1783803665	9875376
1783803670	11058400
1783803675	12750288
1783803680	12708560
1783803685	6072992
1783803690	7751984
1783803695	6752544
1783803700	6443616
1783803705	8188000
1783803710	7595120
1783803715	10152704
1783803720	11016608
1783803725	12510000
1783803731	3973408
1783803736	6535584
1783803741	7910800
1783803746	13391824
1783803751	3561072
1783803756	3726960
1783803761	11968240
1783803766	8002240
1783803771	9768848
1783803776	12268640
1783803781	4828752
1783803786	11464304
1783803791	8463168
1783803796	9804256
1783803801	12221840
1783803806	13195504
1783803811	10730448
1783803816	9706160
1783803822	5860416
1783803827	11787168
1783803832	9092640
1783803837	6820336
1783803842	8945920
1783803847	12400048
1783803852	7126736
1783803857	7857536
1783803862	11053680
1783803867	5843776
1783803872	11034208
1783803877	7865776
1783803882	4434864
1783803887	7224896
1783803892	7244544
1783803897	5942256
1783803902	9655568
1783803908	12878176
1783803913	13916880
1783803918	10169312
1783803923	12053184
1783803928	12838528
1783803933	6033952
1783803938	3553040
1783803943	7375552
1783803948	8527472
1783803953	12309408
1783803958	13636544
1783803963	11130672
1783803968	13302496
1783803973	11714224
1783803978	7075488
1783803983	3320560
1783803988	6298256
1783803993	9784832
1783803998	13010560
1783804003	2365360
1783804008	5433344
1783804013	6465968
1783804018	9272368
1783804023	2135648
1783804028	8808496
1783804034	6272432
1783804039	7680880
1783804044	9641328
1783804049	10399600
1783804054	6129440
1783804059	7582272
1783804064	3300416
1783804069	6083280
1783804074	7745584
1783804079	10264464
1783804084	2491392
1783804089	5276464
1783804094	6274208
1783804099	9528752
1783804104	12639392
1783804109	7134272
1783804114	9492320
1783804119	3150480
1783804124	6406016
1783804129	3499072
1783804134	9714976
1783804139	5010656
1783804144	9832688
1783804149	4995344
1783804154	7916784
1783804159	5129248
1783804164	9485728
1783804170	5851952
1783804175	9200640
1783804180	11652464
1783804185	1666640
1783804190	5461360
1783804195	5666592
1783804200	6604896
1783804205	9195840
1783804210	3599904
1783804215	4236592
1783804220	8196752
1783804225	10863728
1783804230	10494272
1783804235	4526944
1783804240	10062784
1783804245	4678032
1783804250	5113776
1783804256	5513072
1783804261	8286208
1783804266	11896832
1783804271	10436592
1783804276	12155824
1783804281	10275296
1783804286	11425584
1783804291	9139520
1783804296	12537936
1783804301	6129776
1783804306	6200432
1783804311	7495152
1783804316	13652560
1783804321	10448784
1783804326	13253152
1783804331	14126848
1783804336	6096960
1783804341	10168512
1783804346	14279536
1783804351	9728528
1783804356	5623664
1783804361	11069776
1783804367	6456880
1783804372	10434208
1783804377	11208928
1783804382	3608416
1783804387	8020640
1783804392	3276368
1783804397	7846608
1783804402	5746848
1783804407	11521216
1783804412	8147520
1783804417	9016640
1783804422	8420416
1783804427	13442720
1783804432	9176160
1783804437	10926928
1783804442	3463680
1783804447	9729328
1783804452	4932384
1783804457	9527296
1783804462	7301632
1783804467	9669456
1783804472	13234240
1783804477	9421696
1783804482	10609584
1783804487	5196992
1783804493	11196480
1783804498	6905200
1783804503	6786800
1783804508	8756080
1783804513	11331488
1783804518	11084256
1783804523	8143168
1783804528	14261168
1783804533	3072736
1783804538	9969712
1783804543	6708896
1783804548	8054880
1783804553	13081664
1783804558	10906368
1783804563	13442896
1783804568	3269792
1783804573	10131584
1783804578	7024128
1783804583	11395904
1783804588	6393328
1783804593	7449104
1783804598	6402528
1783804603	7058656
1783804608	8544160
1783804613	11841280
1783804618	5182928
1783804623	10269296
1783804629	10608080
1783804634	9821840
1783804639	7112512
1783804644	11009200
1783804649	3542128
1783804654	7536976
1783804659	2047984
1783804664	8515008
1783804669	6667984
1783804674	8819456
1783804679	10829456
1783804684	2898304
1783804689	7028224
1783804694	2256240
1783804699	8025376
1783804704	5504448
1783804709	12590144
1783804714	8961136
1783804719	11083744
1783804724	6933120
1783804729	5292128
1783804734	8895824
1783804739	9304928
1783804744	7820448
1783804749	11199200
1783804754	4457280
1783804759	8803216
1783804765	5431168
1783804770	6302144
1783804775	13265728
1783804780	10044272
1783804785	12916560
1783804790	2895504
1783804795	6717728
1783804800	5022000
1783804805	4228512
1783804810	5692160
1783804815	13109920
1783804820	8774848
1783804825	11355200
1783804830	5495440
1783804835	8267952
1783804840	3801776
1783804845	10131248
1783804850	5303744
1783804855	8311024
1783804860	13392096
1783804865	6590752
1783804870	13032240
1783804875	6302176
1783804880	8052448
1783804885	7125248
1783804890	9560096
1783804895	5933616
1783804901	8508272
1783804906	8642096
1783804911	10397504
1783804916	13577184
1783804921	9472000
1783804926	6330352
1783804931	10455104
1783804936	14614336
1783804941	11306880
1783804946	10160608
1783804951	13247936
1783804956	5642672
1783804961	8165680
1783804966	9657632
1783804971	6795488
1783804976	4362768
1783804981	8237184
1783804986	9626224
1783804991	8631808
1783804996	9770336
1783805001	10729840
1783805006	7525840
1783805011	5725824
1783805016	11141632
1783805021	15894608
1783805027	10830624
1783805032	12966464
1783805037	12193264
1783805042	9207072
1783805047	10609360
1783805052	6615408
1783805057	11138384
1783805062	7536240
1783805067	9715488
1783805072	9746240
1783805077	10320976
1783805082	11964640
1783805087	10353968
1783805092	12467152
1783805097	7755056
1783805102	12214464
1783805107	7500528
1783805112	12388368
1783805117	10273856
1783805122	10885632
1783805127	7098784
1783805132	10099344
1783805137	5657744
1783805142	10806976
1783805147	6394624
1783805152	14082608
1783805158	7652432
1783805163	12300208
1783805168	4322880
1783805173	5656272
1783805178	8376288
1783805183	11004032
1783805188	13681936
1783805193	3757440
1783805198	6725936
1783805203	5201072
1783805208	10518256
1783805213	5812784
1783805218	6064816
1783805223	13588944
1783805228	9753152
1783805233	12056160
1783805238	13028992
1783805244	11589344
1783805249	13198048
1783805254	11655632
1783805259	7804976
1783805264	7092672
1783805269	12127648
1783805274	12508672
1783805279	12481888
1783805284	3639232
1783805289	6609360
1783805294	6119264
1783805299	4765696
1783805304	8096928
1783805309	7475936
1783805314	7130240
1783805319	8736240
1783805324	10995968
1783805329	8111408
1783805334	11315728
1783805339	7543040
1783805344	11147328
1783805349	3510784
1783805354	11444352
1783805359	4822176
1783805365	11128992
1783805370	8071760
1783805375	10459152
1783805380	11968912
1783805385	6656992
1783805390	7873712
1783805395	9701984
1783805400	2456880
1783805405	5828288
1783805410	5679488
1783805415	11735312
1783805420	7009888
1783805425	9031744
1783805430	8730992
1783805435	13144688
1783805440	15652656
1783805445	13597664
1783805450	8337968
1783805455	6606608
1783805460	9588048
1783805465	13249296
1783805470	5873664
1783805476	6842928
1783805481	10013040
1783805486	7374400
1783805491	11528288
1783805496	6839904
1783805501	8154224
1783805506	10435872
1783805511	8550848
1783805516	6441584
1783805521	8871296
1783805526	7387808
1783805531	10903968
1783805536	8992320
1783805541	11175504
1783805546	5635280
1783805551	8142736
1783805556	11893472
1783805561	1602592
1783805566	6252752
1783805571	3174896
1783805576	10296496
1783805581	6163504
1783805586	12933056
1783805591	8667376
1783805596	14697232
1783805602	9638624
1783805607	5368960
1783805612	3588960
1783805617	11080960
1783805622	7887984
1783805627	7366112
1783805632	9900112
1783805637	9685584
1783805642	8243168
1783805647	7422448
1783805652	4260592
1783805657	8665600
1783805662	9200384
1783805667	3107008
1783805672	6608576
1783805677	7034928
1783805682	7958528
1783805687	10342240
1783805692	13364544
1783805697	2338816
1783805702	6341072
1783805707	2689808
1783805712	8222880
1783805717	5669456
1783805722	10324848
1783805727	10719680
1783805733	11784096
1783805738	8343200
1783805743	10197856
1783805748	4643808
1783805753	9740544
1783805758	8381328
1783805763	12195600
1783805768	4884128
1783805773	11421184
1783805778	8293392
1783805783	11588160
1783805788	4168816
1783805793	10641664
1783805798	7200752
1783805803	9290848
1783805808	13965952
1783805813	4188608
1783805818	6746576
1783805823	3439952
1783805828	8529312
1783805833	7562720
1783805838	13034656
1783805844	8594064
1783805849	9611248
1783805854	12680672
1783805859	6364416
1783805864	9750544
1783805869	8215504
1783805874	11718976
1783805879	10079168
1783805884	9165040
1783805889	8408816
1783805894	9094880
1783805899	14430800
1783805904	8076144
1783805909	10452544
1783805914	10500848
1783805919	13826720
1783805924	11117088
1783805929	13106720
1783805934	13539984
1783805940	1579072
1783805945	4326352
1783805950	7396480
1783805955	10889280
1783805960	12270768
1783805965	3298768
1783805970	11189360
1783805975	8493360
1783805980	11404704
1783805985	3855168
1783805990	5423440
1783805995	7121856
1783806000	11467472
1783806005	12449408
1783806010	11697584
1783806015	12336000
1783806020	10008048
1783806025	11893360
1783806030	4517024
1783806035	4844736
1783806040	7182528
1783806045	6809728
1783806050	10233488
1783806055	12518144
1783806061	10693760
1783806066	6103856
1783806071	8584448
1783806076	11060224
1783806081	4353776
1783806086	7214240
1783806091	7238960
1783806096	9595520
1783806101	2990944
1783806106	10243168
1783806111	8091280
1783806116	10078032
1783806121	12386192
1783806126	5128784
1783806131	10976800
1783806136	5978192
1783806141	5129920
1783806146	4372960
1783806151	6338384
1783806156	5714640
1783806161	2522240
1783806166	6790816
1783806171	6962960
1783806176	12861088
1783806182	8533744
1783806187	11691632
1783806192	10439360
1783806197	5094768
1783806202	7512224
1783806207	4994992
1783806212	4036416
1783806217	9905888
1783806222	10947440
1783806227	7553872
1783806232	9419136
1783806237	14356160
1783806242	10976624
1783806247	11992160
1783806252	3942960
1783806257	11528928
1783806262	2000704
1783806267	6346416
1783806272	1951664
1783806278	9604128
1783806283	5136320
1783806288	9793360
1783806293	12878192
1783806298	10958112
1783806303	14319104
1783806308	9466896
1783806313	9954800
1783806318	4087088
1783806323	10749472
1783806328	7630048
1783806333	9950800
1783806338	13301440
1783806343	2464624
1783806348	5822240
1783806353	1649744
1783806358	6204048
1783806363	2284288
1783806368	10469744
1783806373	7335664
1783806378	10030672
1783806383	8983712
1783806388	4840208
1783806393	12567824
1783806398	9645536
1783806403	7747568
1783806409	9544448
1783806414	5391456
1783806419	7367168
1783806424	11927808
1783806429	7774480
1783806434	10103856
1783806439	5358784
1783806444	5065104
1783806449	8327632
1783806454	8202544
1783806459	12358080
1783806464	10213824
1783806469	12569280
1783806474	3451808
1783806479	6289136
1783806484	2357296
1783806490	5549520
1783806495	4701568
1783806500	10299392
1783806505	7025792
1783806510	9292928
1783806515	11357136
1783806520	8502912
1783806525	4481328
1783806530	8695264
1783806535	10778656
1783806540	13340080
1783806545	10139104
1783806550	9560240
1783806555	8183680
1783806560	11159312
1783806565	10513040
1783806570	8131584
1783806575	4985008
1783806580	8150528
1783806585	9030416
1783806590	6641024
1783806595	9592592
1783806600	9014256
1783806605	12614640
1783806610	11212480
1783806615	12117456
1783806620	9547536
1783806626	11539408
1783806631	15290128
1783806636	7637312
1783806641	5447920
1783806646	12170448
1783806651	8035552
1783806656	11569056
1783806661	10641824
1783806666	8283408
1783806671	8102016
1783806676	12059680
1783806681	5207520
1783806686	5660064
1783806691	8420912
1783806696	8718128
1783806701	6604096
1783806706	6774240
1783806711	11439696
1783806716	6082352
1783806721	8616448
1783806726	6490400
1783806731	8982784
1783806736	9095680
1783806741	4271472
1783806746	8382576
1783806751	3458016
1783806757	9221680
1783806762	9216832
1783806767	8360512
1783806772	5116304
1783806777	8889376
1783806782	10037472
1783806787	8510176
1783806792	3392320
1783806797	7260480
1783806802	9025024
1783806807	13656112
1783806812	7574336
1783806817	12611056
1783806822	6169008
1783806827	8687344
1783806832	6358352
1783806837	10401376
1783806842	4340960
1783806847	12545296
1783806852	8056608
1783806857	13323248
1783806862	9300960
1783806867	5718944
1783806873	4126608
1783806878	5912976
1783806883	13692512
1783806888	7919680
1783806893	12147216
1783806898	9199952
1783806903	8972560
1783806908	5703200
1783806913	11444784
1783806918	4085760
1783806923	9757168
1783806928	4764208
1783806933	8187376
1783806938	7514704
1783806943	9333520
1783806948	11070064
1783806953	4835136
1783806958	8582992
1783806963	6084768
1783806968	12557600
1783806973	7561440
1783806978	5938048
1783806983	7961664
1783806988	8179424
1783806993	10646096
1783806999	3099856
1783807004	7674624
1783807009	10319472
1783807014	5666736
1783807019	3752400
1783807024	9836464
1783807029	11294112
1783807034	5482192
1783807039	6261376
1783807044	5565840
1783807049	5147808
1783807054	4435648
1783807059	8784608
1783807065	11825760
1783807070	3797840
1783807075	3026480
1783807080	6431664
1783807085	4930448
1783807090	5343712
1783807095	11829008
1783807100	11743392
1783807105	4577200
1783807110	10003248
1783807115	10077568
1783807120	7770496
1783807126	3052048
1783807131	7038464
1783807136	8774432
1783807141	15679968
1783807146	10392592
1783807151	13297376
1783807156	9134032
1783807161	8873120
1783807166	10775120
1783807171	11210640
1783807176	3039808
1783807181	7294944
1783807186	8982112
1783807191	12227920
1783807197	6926288
1783807202	13063312
1783807207	10347920
1783807212	12167280
1783807217	8046608
1783807222	5969552
1783807227	7388832
1783807232	9656288
1783807237	9127472
1783807242	13034176
1783807247	4573056
1783807252	4459328
1783807257	8093280
1783807262	12626192
1783807267	6489152
1783807272	8960384
1783807277	11844160
1783807282	2922128
1783807287	7190160
1783807292	6052448
1783807297	7910240
1783807302	10661632
1783807308	13830112
1783807313	8753232
1783807318	11730192
1783807323	10987648
1783807328	12602560
1783807333	8339776
1783807338	10707104
1783807343	7684064
1783807348	12844368
1783807353	9753920
1783807358	12268656
1783807363	10696624
1783807368	13540000
1783807373	9611648
1783807378	6535856
1783807383	8129920
1783807388	13243776
1783807393	7353504
1783807398	10393712
1783807403	6718448
1783807408	9924032
1783807413	4165520
1783807418	4009360
1783807423	7674816
1783807428	9240000
1783807433	12309248
1783807438	4427760
1783807444	8450064
1783807449	4843776
1783807454	8686592
1783807459	7437888
1783807464	8884992
1783807469	9491104
1783807474	11491664
1783807479	10485184
1783807484	12303968
1783807489	2691040
1783807494	9160384
1783807499	7793680
1783807504	10863296
1783807509	12950928
1783807514	9673184
1783807519	6431760
1783807524	9199904
1783807529	6626144
1783807534	9240752
1783807539	7733712
1783807544	11094176
1783807549	8514528
1783807554	9305328
1783807559	8832464
1783807564	8724080
1783807569	11347536
1783807574	7122480
1783807580	9187824
1783807585	6101328
1783807590	5023888
1783807595	5956992
1783807600	8034368
1783807605	13204768
1783807610	5215776
1783807615	8067360
1783807620	8493072
1783807625	7830192
1783807630	9699920
1783807635	8414992
1783807640	13081264
1783807645	4570464
1783807650	5763520
1783807655	8088400
1783807660	9236032
1783807665	9754608
1783807670	14953552
1783807675	8940304
1783807680	7361232
1783807685	9389136
1783807690	3336464
1783807695	6346176
1783807701	6891936
1783807706	13418528
1783807711	9663824
1783807716	12955808
1783807721	5953248
1783807726	8421664
1783807731	6506208
1783807736	6077456
1783807741	4182480
1783807746	7905632
1783807751	9362400
1783807756	10144368
1783807761	6022320
1783807766	5574512
1783807771	8251856
1783807776	8942208
1783807781	5427744
1783807786	3757568
1783807792	8567616
1783807797	11797536
1783807802	6619552
1783807807	5121024
1783807812	8249168
1783807817	8207760
1783807822	10605200
1783807827	13082240
1783807832	9458592
1783807837	13039056
1783807842	9303184
1783807847	10396608
1783807852	9794528
1783807857	4505520
1783807862	7569792
1783807867	4995776
1783807872	9006944
1783807877	11099088
1783807882	8874288
1783807887	10393600
1783807892	7192144
1783807897	3997792
1783807902	5687696
1783807907	13884176
1783807912	9696128
1783807917	13211728
1783807922	10247424
1783807927	13575200
1783807933	13336736
1783807938	10580896
1783807943	9231360
1783807948	13259344
1783807953	10687600
1783807958	10687552
1783807963	7124816
1783807968	5708128
1783807973	8388976
1783807978	10919328
1783807983	11734032
1783807988	5255136
1783807993	9274928
1783807998	4169872
1783808003	4446400
1783808008	7144592
1783808013	7148192
1783808019	13646896
1783808024	9988784
1783808029	9847184
1783808034	11207008
1783808039	3249840
1783808044	6021824
1783808049	10950976
1783808054	13515792
1783808059	5108688
1783808064	6145616
1783808069	12983952
1783808074	8037600
1783808079	8907664
1783808084	11863296
1783808089	3204240
1783808094	7815856
1783808099	9541008
1783808104	7848672
1783808109	9614000
1783808114	10556400
1783808119	13075664
1783808124	7035824
1783808130	5612240
1783808135	9473328
1783808140	10750736
1783808145	5716512
1783808150	3648928
1783808155	6486416
1783808160	10045536
1783808165	9362848
1783808170	10206496
1783808175	9342752
1783808180	15154112
1783808185	10686000
1783808190	15116192
1783808195	10374624
1783808200	9891168
1783808205	7388512
1783808210	12699152
1783808215	7891424
1783808221	6919824
1783808226	9499328
1783808231	12812976
1783808236	10152128
1783808241	9886464
1783808246	11616864
1783808251	7583296
1783808256	11880304
1783808261	9043520
1783808266	9617360
1783808271	11817280
1783808276	12638608
1783808281	6463632
1783808286	11863248
1783808291	5327728
1783808296	11087328
1783808301	5190320
1783808306	7450400
1783808311	6620432
1783808316	7729488
1783808321	2985648
1783808326	5302064
1783808331	7682800
1783808336	13094912
1783808341	5559568
1783808346	8662016
1783808352	11025680
1783808357	4719232
1783808362	8422320
1783808367	5863280
1783808372	3727136
1783808377	11494240
1783808382	7661536
1783808387	8686816
1783808392	10404400
1783808397	9468128
1783808402	15592112
1783808407	10793504
1783808412	10109648
1783808417	8637248
1783808422	13948896
1783808427	9609472
1783808432	12507408
1783808437	4395328
1783808442	4104992
1783808447	7635264
1783808452	10023424
1783808457	11200400
1783808462	4289280
1783808467	7191360
1783808472	2396016
1783808477	5860352
1783808482	7975200
1783808487	12856064
1783808492	7088672
1783808498	7898912
1783808503	10903200
1783808508	9211280
1783808513	12161264
1783808518	8845808
1783808523	5105824
1783808528	7770336
1783808533	6695424
1783808538	6475232
1783808543	8742736
1783808548	12836016
1783808553	7692816
1783808558	8366032
1783808563	8619392
1783808568	13369792
1783808573	9791264
1783808578	12821872
1783808583	5676896
1783808588	6539920
1783808593	9475456
1783808598	7053536
1783808603	5063200
1783808608	7353504
1783808613	5344880
1783808618	6280736
1783808623	8273808
1783808628	10961616
1783808634	14522496
1783808639	10201344
1783808644	9526896
1783808649	4039712
1783808654	5388720
1783808659	13372720
1783808664	8974288
1783808669	13412016
1783808674	11389600
1783808679	10403552
1783808684	12405376
1783808689	10686960
1783808694	14713744
1783808699	10958560
1783808704	10172480
1783808709	9319360
1783808714	4970320
1783808719	8949136
1783808724	10778768
1783808729	5609520
1783808734	6061312
1783808739	8564752
1783808744	9231248
1783808750	4520592
1783808755	8436496
1783808760	10291392
1783808765	9785296
1783808770	4508896
1783808775	7553104
1783808780	10894000
1783808785	4889456
1783808790	9812672
1783808795	7933552
1783808800	8829536
1783808805	13325104
1783808810	14415888
1783808815	9029568
1783808820	11711568
1783808825	10941840
1783808830	11383920
1783808836	4562976
1783808841	6161840
1783808846	8856192
1783808851	12631424
1783808856	10672704
1783808861	9142720
1783808866	11676448
1783808871	5193168
1783808876	7925872
1783808881	4016832
1783808886	10977664
1783808891	7596752
1783808896	9562512
1783808901	7696672
1783808906	13898112
1783808911	9179040
1783808916	7732912
1783808921	8511952
1783808926	9585200
1783808931	16064048
1783808936	9313184
1783808941	6221328
1783808946	11644688
1783808951	8203504
1783808956	7843760
1783808961	9624976
1783808967	11735024
1783808972	4831872
1783808977	11971648
1783808982	9291968
1783808987	9723712
1783808992	8915872
1783808997	14210608
1783809002	8238976
1783809007	12499920
1783809012	6500896
1783809017	14494976
1783809022	10653536
1783809027	9933248
1783809032	5624576
1783809037	6572752
1783809042	8667440
1783809047	11224464
1783809052	15179776
1783809057	10218176
1783809062	9934112
1783809067	4122800
1783809072	10864224
1783809077	6116048
1783809082	12263168
1783809087	7610512
1783809092	10673888
1783809098	9956096
1783809103	8951968
1783809108	11403792
1783809113	12178848
1783809118	11813392
1783809123	9552560
1783809128	10193632
1783809133	7202752
1783809138	8243152
1783809143	13104304
1783809148	5592400
1783809153	9004128
1783809158	10268496
1783809163	4207168
1783809168	10167840
1783809173	8202800
1783809178	13236384
1783809183	9488784
1783809188	14505168
1783809193	8493952
1783809198	11081344
1783809203	11370576
1783809208	5643824
1783809213	4333680
1783809218	7747888
1783809223	9619792
1783809228	14471744
1783809233	8297824
1783809238	11547600
1783809244	12801936
1783809249	8506816
1783809254	10660832
1783809259	12856048
1783809264	4844352
1783809269	7562128
1783809274	3271616
1783809279	9916784
1783809284	8523952
1783809289	9085488
1783809294	12925040
1783809299	11210480
1783809304	8753376
1783809309	12759280
1783809314	3896864
1783809319	11585808
1783809324	8009216
1783809329	7881776
1783809334	13255344
1783809339	10642672
1783809344	11346112
1783809349	4899568
1783809354	5387376
1783809359	2526016
1783809364	8903872
1783809369	6332224
1783809375	8660192
1783809380	8267984
1783809385	10937008
1783809390	11569680
1783809395	5877744
1783809400	5114544
1783809405	4985888
1783809410	8264768
1783809415	3488944
1783809420	6728816
1783809425	7426208
1783809430	7768304
1783809435	11375568
1783809440	13456160
1783809445	3161376
1783809450	10861248
1783809455	5594304
1783809460	8732400
1783809465	1945024
1783809470	9660288
1783809475	5359200
1783809480	9252624
1783809485	12916896
1783809490	12603520
1783809495	7583632
1783809500	9532640
1783809505	7695872
1783809511	5852768
1783809516	5363712
1783809521	5614768
1783809526	12918432
1783809531	8323696
1783809536	7511408
1783809541	9028624
1783809546	8135920
1783809551	13375824
1783809556	8338048
1783809561	14124400
1783809566	13363136
1783809571	10711136
1783809576	12609536
1783809581	2522000
1783809586	8862272
1783809591	6004448
1783809596	11060032
1783809601	7410400
1783809606	9719568
1783809611	6230800
1783809616	1618288
1783809621	4573040
1783809626	8382688
1783809632	3723984
1783809637	5095328
1783809642	12095008
1783809647	8497312
1783809652	10894128
1783809657	3706368
1783809662	7558800
1783809667	3048272
1783809672	7370864
1783809677	7014032
1783809682	7188592
1783809687	12135312
1783809692	12361616
1783809697	6115840
1783809702	11328160
1783809707	4838144
1783809712	8332016
1783809717	10107296
1783809722	13588208
1783809727	9551456
1783809732	11170656
1783809737	8931328
1783809743	13906512
1783809748	8083040
1783809753	9417264
1783809758	7803472
1783809763	14034160
1783809768	12578352
1783809773	9892128
1783809778	10710848
1783809783	5737776
1783809788	8397296
1783809793	10115584
1783809798	15381408
1783809803	10795920
1783809808	7683440
1783809813	6416048
1783809818	8395648
1783809823	6519392
1783809828	5777312
1783809833	4666704
1783809838	9325504
1783809843	8389216
1783809848	6620416
1783809853	9300384
1783809858	7938352
1783809863	13169984
1783809868	7479712
1783809873	13218848
1783809879	7625792
1783809884	9994800
1783809889	7168448
1783809894	9978656
1783809899	10928944
1783809904	6886400
1783809909	6778624
1783809914	4300912
1783809919	9610704
1783809924	8703776
1783809929	8270256
1783809934	7879584
1783809939	13154736
1783809944	11889680
1783809949	6336128
1783809954	7278576
1783809959	12767040
1783809964	9930928
1783809969	7877520
1783809974	8708816
1783809979	5827968
1783809984	5112400
1783809989	6826000
1783809994	9340960
1783809999	12417424
1783810004	4949216
1783810009	8655040
1783810014	5991616
1783810020	7033984
1783810025	5473792
1783810030	12238256
1783810035	9772832
1783810040	6539792
1783810045	6041760
1783810050	6798816
1783810055	6691216
1783810060	8869600
1783810065	10421856
1783810070	3466864
1783810075	6882784
1783810080	6385008
1783810085	7199344
1783810090	2949568
1783810095	7475456
1783810100	7243440
1783810105	6689456
1783810110	7513296
1783810115	10331696
1783810120	8057648
1783810125	9357744
1783810131	7015536
1783810136	11937616
1783810141	6961664
1783810146	8316672
1783810151	7233440
1783810156	12570992
1783810161	3473872
1783810166	9899504
1783810171	6042640
1783810176	10847040
1783810181	7556864
1783810186	9463984
1783810191	11834864
1783810196	2155072
1783810201	5298544
1783810206	4046160
1783810211	10720608
1783810216	6817952
1783810221	8986656
1783810226	7223232
1783810231	9368416
1783810236	11006432
1783810241	3326848
1783810246	4324736
1783810252	7763856
1783810257	9028960
1783810262	8563888
1783810267	8744896
1783810272	9344064
1783810277	10260032
1783810282	14129088
1783810287	10517536
1783810292	9064432
1783810297	8278384
1783810302	6365392
1783810307	13299312
1783810312	10774192
1783810317	11964880
1783810322	12951472
1783810327	7829344
1783810332	11976656
1783810337	9600640
1783810342	13951504
1783810347	4649872
1783810352	5592960
1783810357	7310800
1783810362	10904048
1783810367	10712080
1783810372	9703232
1783810377	7471728
1783810382	11149040
1783810388	12884272
1783810393	13263824
1783810398	8732560
1783810403	10784352
1783810408	12484880
1783810413	7979712
1783810418	9466704
1783810423	6017504
1783810428	5289456
1783810433	8115680
1783810438	3911536
1783810443	7603552
1783810448	6195520
1783810453	13531456
1783810458	10192400
1783810463	10988096
1783810468	11962576
1783810473	14888496
1783810478	7406640
1783810483	12744624
1783810488	12720336
1783810493	12236288
1783810498	10838272
1783810503	6594784
1783810508	11439264
1783810514	8257376
1783810519	6032176
1783810524	8032496
1783810529	8668592
1783810534	9611216
1783810539	5259456
1783810544	6738880
1783810549	9054736
1783810554	6207696
1783810559	8922320
1783810564	4603760
1783810569	9509456
1783810574	3906496
1783810579	10382800
1783810584	6771040
1783810589	6371296
1783810594	12451664
1783810599	12692656
1783810604	9944384
1783810609	8140720
1783810614	8270416
1783810619	5432464
1783810624	7640672
1783810630	8874176
1783810635	6035168
1783810640	4025952
1783810645	7833072
1783810650	10430240
1783810655	12021232
1783810660	2803088
1783810665	7345008
1783810670	9262704
1783810675	14077088
1783810680	10127344
1783810685	9420896
1783810690	16419360
1783810696	9257328
1783810701	9139168
1783810706	10855072
1783810711	8411600
1783810716	11718384
1783810721	5977296
1783810726	8611760
1783810731	10931968
1783810736	6256704
1783810741	10103808
1783810746	15288080
1783810751	14877296
1783810756	11017136
1783810761	11901904
1783810766	6642880
1783810771	11736256
1783810776	8888112
1783810781	6838064
1783810786	9148672
1783810791	11674304
1783810796	5397408
1783810801	7672128
1783810806	7276256
1783810812	3856960
1783810817	5889552
1783810822	3056416
1783810827	5252192
1783810832	4279696
1783810837	3437408
1783810842	5815792
1783810847	4564064
1783810852	3866320
1783810857	6200768
1783810862	6127152
1783810868	8657152
1783810873	6579136
1783810878	3953600
1783810883	9843136
1783810888	8609808
1783810893	8337728
1783810898	3948304
1783810903	6907056
1783810908	3819248
1783810913	7204320
1783810918	4884960
1783810923	10405136
1783810928	6653344
1783810933	6245104
1783810938	7352496
1783810943	7577344
1783810948	6210176
1783810954	7656144
1783810959	3247504
1783810964	3329936
1783810969	6989552
1783810974	10780960
1783810979	6014416
1783810984	5577472
1783810989	7969152
1783810994	4336080
1783810999	10880528
1783811004	4906272
1783811009	5463552
1783811014	6425904
1783811020	4809856
1783811025	4751040
1783811030	6367584
1783811035	11135376
1783811040	10124224
1783811045	9846352
1783811050	5178512
1783811055	4606560
1783811060	7048624
1783811065	8179232
1783811071	10045136
1783811076	15182384
1783811081	8772288
1783811086	13578416
1783811091	9277664
1783811096	9692688
1783811101	13536352
1783811106	9932144
1783811111	10295968
1783811116	15860320
1783811121	10198128
1783811126	10519232
1783811131	13069984
1783811136	4558384
1783811141	7709408
1783811146	6725216
1783811151	11942992
1783811156	7095088
1783811161	13257008
1783811166	11836512
1783811171	15075312
1783811176	12035040
1783811181	10282656
1783811187	15292064
1783811192	9122032
1783811197	12989968
1783811202	7488384
1783811207	6873008
1783811212	9640224
1783811217	8885824
1783811222	12359696
1783811227	4950160
1783811232	11518336
1783811237	7576096
1783811242	12626096
1783811247	8165824
1783811252	9101424
1783811257	9215104
1783811262	15562576
1783811267	8996576
1783811272	12907024
1783811277	9353088
1783811282	7953232
1783811287	7362784
1783811292	13161728
1783811297	3658064
1783811302	6839248
1783811307	11195360
1783811313	14802256
1783811318	10030224
1783811323	12524960
1783811328	8507232
1783811333	10369728
1783811338	12690208
1783811343	8194640
1783811348	10495168
1783811353	13677328
1783811358	5008672
1783811363	8455808
1783811368	12723872
1783811373	13140032
1783811378	9945824
1783811383	12786032
1783811388	3977312
1783811393	6410464
1783811398	5664752
1783811403	7019392
1783811408	9952400
1783811413	9934048
1783811418	15241024
1783811423	8391248
1783811428	10349136
1783811433	15869904
1783811438	14499952
1783811443	9941680
1783811448	13560816
1783811454	7640432
1783811459	12812800
1783811464	9312880
1783811469	7691232
1783811474	9178752
1783811479	12132000
1783811484	8133568
1783811489	8831840
1783811494	3794944
1783811499	8814624
1783811504	5436048
1783811509	12337792
1783811514	8978512
1783811519	10139168
1783811524	11833248
1783811529	10404304
1783811534	14413968
1783811539	6868656
1783811544	9191792
1783811549	10615296
1783811554	5430720
1783811560	3417056
1783811565	8438928
1783811570	9325600
1783811575	14433456
1783811580	3449088
1783811585	7927440
1783811590	10134048
1783811595	7107536
1783811600	4560544
1783811605	8795200
1783811610	14817040
1783811615	10074176
1783811620	9108816
1783811625	11171248
1783811630	6055472
1783811635	8768400
1783811640	6302736
1783811645	9160080
1783811651	7555344
1783811656	9204080
1783811661	9121920
1783811666	9690784
1783811671	7459696
1783811676	11066880
1783811681	10402800
1783811686	14636768
1783811691	12693824
1783811696	11772112
1783811701	9949200
1783811706	5449216
1783811711	12045184
1783811716	9229776
1783811721	6478864
1783811726	8771776
1783811731	10549456
1783811736	6037520
1783811741	9146944
1783811746	10019968
1783811751	14285536
1783811756	4975680
1783811762	9604128
1783811767	9564240
1783811772	7753952
1783811777	11434160
1783811782	11836160
1783811787	11491792
1783811792	8640544
1783811797	13044752
1783811802	7839136
1783811807	12510032
1783811812	12174656
1783811817	8595456
1783811822	13538736
1783811827	7548144
1783811832	10023536
1783811837	8893296
1783811842	13523168
1783811847	4324528
1783811852	10794864
1783811857	8094064
1783811862	9571120
1783811867	11167856
1783811872	6611200
1783811877	12876512
1783811882	8725136
1783811887	7585296
1783811892	9756368
1783811898	6677872
1783811903	4965968
1783811908	6138656
1783811913	9258400
1783811918	3836704
1783811923	8361264
1783811928	2593952
1783811933	10818288
1783811938	6849744
1783811943	9312912
1783811948	8481712
1783811953	10526272
1783811958	12563968
1783811963	10921344
1783811968	5992688
1783811973	6931616
1783811978	9605312
1783811983	6897600
1783811988	9873440
1783811993	5999712
1783811998	9899712
1783812003	10349792
1783812008	9546064
1783812013	9210368
1783812018	8274736
1783812023	4192816
1783812028	10392880
1783812033	3679056
1783812039	5718432
1783812044	7559984
1783812049	5684416
1783812054	8859808
1783812059	8140032
1783812064	12108656
1783812069	3848320
1783812074	9357072
1783812079	7550400
1783812084	10327424
1783812089	8042656
1783812094	9613392
1783812099	6702576
1783812104	6955584
1783812109	10465616
1783812114	11282368
1783812119	5231296
1783812124	2961632
1783812129	6475584
1783812134	9608352
1783812140	15278592
1783812145	9772128
1783812150	11468192
1783812155	6758944
1783812160	10089296
1783812165	8937056
1783812170	10622448
1783812175	8354464
1783812180	5630368
1783812185	6210656
1783812190	8757888
1783812195	4476048
1783812200	6219424
1783812205	7023520
1783812210	6197792
1783812215	5691568
1783812220	10901424
1783812225	9066016
1783812230	10294928
1783812235	12669728
1783812240	4633776
1783812245	8353808
1783812250	9848048
1783812255	9816912
1783812260	13805792
1783812265	9701744
1783812271	8407168
1783812276	8490816
1783812281	10374128
1783812286	10575344
1783812291	6831856
1783812296	9640736
1783812301	13012336
1783812306	11812048
1783812311	7997904
1783812316	10309312
1783812321	9700224
1783812326	8486016
1783812331	13215760
1783812336	12996272
1783812341	9995920
1783812346	11984176
1783812351	7732384
1783812356	4738272
1783812361	9761232
1783812366	4523232
1783812371	3320080
1783812376	6611264
1783812381	9398560
1783812387	8531712
1783812392	6069328
1783812397	4959984
1783812402	6728672
1783812407	9280048
1783812412	11346000
1783812417	8511280
1783812422	12518544
1783812427	8679568
1783812432	9884016
1783812437	5468960
1783812442	5690080
1783812447	9201920
1783812452	5190352
1783812457	4065184
1783812462	5213024
1783812467	9033552
1783812472	3508736
1783812478	7427792
1783812483	7346624
1783812488	9278048
1783812493	11600864
1783812498	14454992
1783812503	1975584
1783812508	5918976
1783812513	4325792
1783812518	6828464
1783812523	4328256
1783812528	8175376
1783812533	4288640
1783812538	6903712
1783812543	4672480
1783812548	8227744
1783812553	8393232
1783812558	10263152
1783812563	3194912
1783812568	5945984
1783812574	1881760
1783812579	9123648
1783812584	7012720
1783812589	8753840
1783812594	12203488
1783812599	6740736
1783812604	12702880
1783812609	6984192
1783812614	12986688
1783812619	9172368
1783812624	10175952
1783812629	4364992
1783812634	3514304
1783812639	7826032
1783812644	10429184
1783812649	7136496
1783812655	5242144
1783812660	9795712
1783812665	9824528
1783812670	13710784
1783812675	8794176
1783812680	6199360
1783812685	12040352
1783812690	2631584
1783812695	8247120
1783812700	7871520
1783812705	10235280
1783812710	15264064
1783812715	9834112
1783812720	6746768
1783812725	6346176
1783812730	4126544
1783812735	6885792
1783812740	3056592
1783812745	7056416
1783812750	11340480
1783812755	13322880
1783812761	7657168
1783812766	10823792
1783812771	3821760
1783812776	8961696
1783812781	10015616
1783812786	7047712
1783812791	6382528
1783812796	9093024
1783812801	10813760
1783812806	4623968
1783812811	7397184
1783812816	10322256
1783812821	15088624
1783812826	10291904
1783812831	8413472
1783812836	5493280
1783812841	11812432
1783812847	8653600
1783812852	9266064
1783812857	4601168
1783812862	9561152
1783812867	7832672
1783812872	11646464
1783812877	7545312
1783812882	11372272
1783812887	11471568
1783812892	5706272
1783812897	11072944
1783812902	5486016
1783812907	10850176
1783812912	7320384
1783812917	9680576
1783812923	10940160
1783812928	4946384
1783812933	5849088
1783812938	12043200
1783812943	10473792
1783812948	7465344
1783812953	5320848
1783812958	9442304
1783812963	14438272
1783812968	4311056
1783812973	4738848
1783812978	8017632
1783812983	12758416
1783812988	10953648
1783812993	12544256
1783812998	5290688
1783813004	6817632
1783813009	10318128
1783813014	11891920
1783813019	8205408
1783813024	11205888
1783813029	7710736
1783813034	7377424
1783813039	10399184
1783813044	4232608
1783813049	7448672
1783813054	8781504
1783813059	9839776
1783813064	5605136
1783813069	3164992
1783813074	7983792
1783813079	8594288
1783813084	10651936
1783813089	5723024
1783813094	9246880
1783813099	11798976
1783813104	6984720
1783813110	2380288
1783813115	5810544
1783813120	9322096
1783813125	14974288
1783813130	5672960
1783813135	7026864
1783813140	9437184
1783813146	10880336
1783813151	8798336
1783813156	14043264
1783813161	9545232
1783813166	13104112
1783813171	4491072
1783813176	12023088
1783813181	7756416
1783813186	10174720
1783813191	7372336
1783813196	8052016
1783813201	4155712
1783813206	5032176
1783813211	7819392
1783813216	8886512
1783813221	9995936
1783813227	7312240
1783813232	8312672
1783813237	7076800
1783813242	9364432
1783813247	11590080
1783813252	1812480
1783813257	5766704
1783813262	2136640
1783813267	5123408
1783813272	11454224
1783813277	7604144
1783813282	10510816
1783813287	4236512
1783813292	7168176
1783813297	5251680
1783813302	11179888
1783813307	6750928
1783813312	14181424
1783813317	8625920
1783813322	11228512
1783813327	13780304
1783813333	6043584
1783813338	3940592
1783813343	9332272
1783813348	11555536
1783813353	14435120
1783813358	7423072
1783813363	9686544
1783813368	10748880
1783813373	9572624
1783813378	12947536
1783813383	8272032
1783813388	10487008
1783813393	10298432
1783813398	12074576
1783813403	5320672
1783813408	5299984
1783813413	8270864
1783813418	14726736
1783813424	10556320
1783813429	10503152
1783813434	11135888
1783813439	15660352
1783813444	8135552
1783813449	11229696
1783813454	7194416
1783813459	7812528
1783813464	7737280
1783813469	10707296
1783813474	7983088
1783813479	12947760
1783813484	5785936
1783813489	5436368
1783813494	8138256
1783813499	12993872
1783813504	9432128
1783813509	8692304
1783813514	7598000
1783813519	7909952
1783813524	9485696
1783813529	10154336
1783813534	10735920
1783813539	11986784
1783813544	12080528
1783813549	10184720
1783813554	6353568
1783813559	7877008
1783813565	7180336
1783813570	2570000
1783813575	6661440
1783813580	10626704
1783813585	15306368
1783813590	12776000
1783813595	10480720
1783813600	12231952
1783813605	11937072
1783813610	8646128
1783813615	14637968
1783813620	10842960
1783813625	14792336
1783813630	6519456
1783813635	7379328
1783813640	8791888
1783813645	15053152
1783813650	9505584
1783813655	6312528
1783813660	5410832
1783813665	7056608
1783813670	11785920
1783813675	7476896
1783813680	7842656
1783813685	9007904
1783813690	9543472
1783813695	8219264
1783813701	10747520
1783813706	5061152
1783813711	5230864
1783813716	5944768
1783813721	5904192
1783813726	5486480
1783813731	10407488
1783813736	6305520
1783813741	9817408
1783813747	6259888
1783813752	3846192
1783813757	9606624
1783813762	11275536
1783813767	6890448
1783813772	9404240
1783813777	9914928
1783813782	9554032
1783813787	3884208
1783813792	3884304
1783813797	3884240
1783813802	3884240
1783813807	4146384
1783813812	4146752
1783813817	4147952
1783813822	4503856
1783813827	4503856
1783813832	4503824
1783813837	4503824
1783813842	4503824
1783813847	4503824
1783813852	4503824
1783813857	4507632
1783813862	6945424
1783813867	6945424
1783813872	6945424
1783813877	6945424
1783813882	6945424
1783813887	6945424
1783813893	6945424
1783813898	7019152
1783813903	7019152
1783813908	7150224
1783813913	8216736
1783813918	14420704
1783813923	14420704
1783813928	14420704
1783813933	14420704
1783813938	14548208
1783813943	14548208
1783813948	14636688
1783813953	14661808
1783813958	12389600
1783813963	12381808
1783813968	5944544
1783813973	6208592
1783813978	6983728
1783813983	5031888
1783813988	5222368
1783813993	5203488
1783813998	5247600
1783814003	5297760
1783814009	4679696
1783814014	5042656
1783814019	4927120
1783814024	4707584
1783814029	6002032
1783814034	4929552
1783814039	4773472
1783814044	4523824
1783814049	4181952
1783814054	5061232
1783814059	2058784
1783814064	1831648
1783814069	5245264
1783814074	2448544
1783814080	1879280
1783814085	4936320
1783814090	6140768
1783814095	6288160
1783814100	5968928
1783814105	14215248
1783814110	6411248
1783814115	6132864
1783814120	6213536
1783814125	4603312
1783814131	6001504
1783814136	5998608
1783814141	6033568
1783814146	5883776
1783814151	5872256
1783814156	5769488
1783814161	5685392
1783814166	5838016
1783814171	6025472
1783814176	6129456
1783814181	6389552
1783814186	9593968
1783814191	16093200
1783814196	11267072
1783814201	9251248
1783814207	8693584
1783814212	6383600
1783814217	4733440
1783814222	5919488
1783814227	5910720
1783814232	5844368
1783814237	5865888
1783814242	5936912
1783814247	5902576
1783814252	9354912
1783814257	16376736
1783814262	8383280
1783814267	15887680
1783814272	6462256
1783814278	6505952
1783814283	6027056
1783814288	6197856
1783814293	5967584
1783814298	6039088
1783814303	6142016
1783814308	6550384
1783814313	6072960
1783814318	8386288
1783814323	13456000
1783814329	6197168
1783814334	9717920
1783814339	6336496
1783814344	6253712
1783814349	6239984
1783814354	4419648
1783814359	6134272
1783814364	6705248
1783814369	7037936
1783814374	12050944
1783814379	6536416
1783814385	6374336
1783814390	5986800
1783814395	5990736
1783814400	5869440
1783814405	5531712
1783814410	5776272
1783814415	5863664
1783814420	5511888
1783814425	5653088
1783814430	5763920
1783814435	5716448
1783814440	5774048
1783814445	5995712
1783814450	5855568
1783814455	5880320
1783814460	5645360
1783814465	6019760
1783814470	6012768
1783814475	6178800
1783814480	5697184
1783814485	5867792
1783814490	5933760
1783814495	5898784
1783814500	7145936
1783814506	6577488
1783814511	5924656
1783814516	5990640
1783814521	5826992
