1783447658	2960
1783447663	3090512
1783447669	6260128
1783447674	8065264
1783447679	8669328
1783447684	5691456
1783447689	7676720
1783447694	6401968
1783447699	4307600
1783447704	3574768
1783447709	4711488
1783447714	3592032
1783447719	6049808
1783447724	8070448
1783447729	7708432
1783447734	2464768
1783447740	3694192
1783447745	3208528
1783447750	5431776
1783447755	7764496
1783447760	7758752
1783447765	8475200
1783447770	1801296
1783447775	4389760
1783447780	7071680
1783447785	7286128
1783447790	10537328
1783447795	5839072
1783447800	3099072
1783447805	5890688
1783447810	8148064
1783447815	7640384
1783447820	10933648
1783447825	4823808
1783447830	6392112
1783447836	7665968
1783447841	7369744
1783447846	10976176
1783447851	8920352
1783447856	4138320
1783447861	6321456
1783447866	7668448
1783447871	8567856
1783447876	8514816
1783447881	9347440
1783447886	4019504
1783447891	6886400
1783447896	7927408
1783447901	7838560
1783447906	10081296
1783447911	7247584
1783447916	8461760
1783447921	7455872
1783447927	7184496
1783447932	8606464
1783447937	7119696
1783447942	7860816
1783447947	7583440
1783447952	9283440
1783447957	4975072
1783447962	4074688
1783447967	6433568
1783447972	8035360
1783447977	8043088
1783447982	7579568
1783447987	9468912
1783447992	7366560
1783447997	7157904
1783448002	8932528
1783448007	8048800
1783448012	8855840
1783448017	9370432
1783448022	8090288
1783448028	5856416
1783448033	4552240
1783448038	5122576
1783448043	6447008
1783448048	5110464
1783448053	4508960
1783448058	5918032
1783448063	5967056
1783448068	7651888
1783448073	8630160
1783448078	5062416
1783448083	5197024
1783448088	6932112
1783448093	6659136
1783448099	7328256
1783448104	5428352
1783448109	2567824
1783448114	4652064
1783448119	6354656
1783448124	6806400
1783448129	7581488
1783448134	7296960
1783448139	4332800
1783448144	6501168
1783448149	7650832
1783448154	8667056
1783448159	7109808
1783448164	5681424
1783448170	3452048
1783448175	5078336
1783448180	7795632
1783448185	7275664
1783448190	6472992
1783448195	5223056
1783448200	3869136
1783448205	4709568
1783448210	7523936
1783448215	7208576
1783448220	6691952
1783448226	5240576
1783448231	3935536
1783448236	6064208
1783448241	8433072
1783448246	7967488
1783448251	4545024
1783448256	3375056
1783448261	4555568
1783448266	6120688
1783448271	7895216
1783448276	8604032
1783448281	8821744
1783448286	6122528
1783448291	4022080
1783448296	6860032
1783448301	6950816
1783448306	9074640
1783448312	9369392
1783448317	8512288
1783448322	6345472
1783448327	7113440
1783448332	8221056
1783448337	7858736
1783448342	9157840
1783448347	6996896
1783448352	8426288
1783448357	7512384
1783448362	7766656
1783448367	9507040
1783448372	7512128
1783448377	7647200
1783448382	7090320
1783448387	8807680
1783448392	7356016
1783448397	5304128
1783448403	5275616
1783448408	7737792
1783448413	8668288
1783448418	5977856
1783448423	4881296
1783448428	4500096
1783448433	6923664
1783448438	9011744
1783448443	9959408
1783448448	7450848
1783448453	5676256
1783448458	3987776
1783448463	5542944
1783448468	8007392
1783448473	7847056
1783448478	7194128
1783448483	4907120
1783448488	3830160
1783448494	5374208
1783448499	7947552
1783448504	7037600
1783448509	7943440
1783448514	3908976
1783448519	2893248
1783448524	4962320
1783448529	8026656
1783448534	7450272
1783448539	4167024
1783448544	4458064
1783448549	2648416
1783448554	4449024
1783448559	7803936
1783448564	7599104
1783448569	10597072
1783448574	4193472
1783448580	2951184
1783448585	5964288
1783448590	7725312
1783448595	8813472
1783448600	10247744
1783448605	2105504
1783448610	4386432
1783448615	7367568
1783448620	9386144
1783448625	7555904
1783448630	9122560
1783448635	10170080
1783448640	4660160
1783448645	7356736
1783448650	7938256
1783448655	7916768
1783448661	9306608
1783448666	6958256
1783448671	7360944
1783448676	8613392
1783448681	9878560
1783448686	7885504
1783448691	10011152
1783448696	6377120
1783448701	7176704
1783448706	8545632
1783448711	8519984
1783448716	7646944
1783448721	10126064
1783448726	7370112
1783448731	8888560
1783448736	9795648
1783448741	7849712
1783448747	9252400
1783448752	5803120
1783448757	7068640
1783448762	8792944
1783448767	8053072
1783448772	8893152
1783448777	10250800
1783448782	7966848
1783448787	9360736
1783448792	8795216
1783448797	7856256
1783448802	10018960
1783448807	2739152
1783448812	4445520
1783448817	6943472
1783448822	8274880
1783448827	7759616
1783448832	7750448
1783448837	10055168
1783448842	6817936
1783448847	8198640
1783448853	9784432
1783448858	8307104
1783448863	8891968
1783448868	9933424
1783448873	5906784
1783448878	7742560
1783448883	8458032
1783448888	7958400
1783448893	10234976
1783448898	6918192
1783448903	8549552
1783448908	7630064
1783448913	8004480
1783448918	10274720
1783448923	7121184
1783448928	5513792
1783448933	7627008
1783448938	6874144
1783448943	8538800
1783448949	9894608
1783448954	7518528
1783448959	8614832
1783448964	7799088
1783448969	9352912
1783448974	9314016
1783448979	9190784
1783448984	8642640
1783448989	8864624
1783448994	7418064
1783448999	8391168
1783449004	8574960
1783449009	9401952
1783449014	8619968
1783449019	9218048
1783449024	8176048
1783449029	9402800
1783449034	9637680
1783449039	8697952
1783449045	8872624
1783449050	8337616
1783449055	8382512
1783449060	7913376
1783449065	8755984
1783449070	8979040
1783449075	7646928
1783449080	8097168
1783449085	9488592
1783449090	6552560
1783449095	7921584
1783449100	8456032
1783449105	7872704
1783449110	7879552
1783449115	9327488
1783449120	4746288
1783449125	7187824
1783449130	7437312
1783449135	7689328
1783449141	5039168
1783449146	4182144
1783449151	3331392
1783449156	5896640
1783449161	7916864
1783449166	6987472
1783449171	7453168
1783449176	8954848
1783449181	5182240
1783449186	7459344
1783449191	9537008
1783449196	8032096
1783449201	7895744
1783449206	8048400
1783449211	5857552
1783449216	8863872
1783449221	9003824
1783449226	8289056
1783449232	7409744
1783449237	7489088
1783449242	7460144
1783449247	8902944
1783449252	8842560
1783449257	5055184
1783449262	4696992
1783449267	4818352
1783449272	5750992
1783449277	4693584
1783449282	5932304
1783449287	5457088
1783449292	7340832
1783449297	8267488
1783449303	6473824
1783449308	6718288
1783449313	6769744
1783449318	7737488
1783449323	8225856
1783449328	4747136
1783449333	4598272
1783449338	4895968
1783449343	4878704
1783449348	7367968
1783449354	5765104
1783449359	8398960
1783449364	6505296
1783449369	6747088
1783449374	8111520
1783449379	7241456
1783449384	7715040
1783449389	7782624
1783449394	5429904
1783449399	7402144
1783449404	9376128
1783449409	9869264
1783449414	6819200
1783449419	7842144
1783449424	7704272
1783449429	9199280
1783449434	8558448
1783449439	7085728
1783449444	8129472
1783449450	8868000
1783449455	8274432
1783449460	7857824
1783449465	9414960
1783449470	8647728
1783449475	7991024
1783449480	8017584
1783449485	8859744
1783449490	9020928
1783449495	9606688
1783449500	9147584
1783449505	7813408
1783449510	7336896
1783449515	9747664
1783449520	8863680
1783449525	9541632
1783449530	9412992
1783449535	9410384
1783449540	8367296
1783449546	9284544
1783449551	9384176
1783449556	9147120
1783449561	10288288
1783449566	8268816
1783449571	8516784
1783449576	8584416
1783449581	9129520
1783449586	8523248
1783449591	8751920
1783449596	8069184
1783449601	8448544
1783449606	8824192
1783449611	9381680
1783449616	8818400
1783449621	8134960
1783449626	9301984
1783449631	7669392
1783449636	8452768
1783449641	8216528
1783449647	9252096
1783449652	7740048
1783449657	9261136
1783449662	9247936
1783449667	9071344
1783449672	8216400
1783449677	9693776
1783449682	10678320
1783449687	7233648
1783449692	8821200
1783449697	8923840
1783449702	8753888
1783449707	9173584
1783449712	7716144
1783449717	9990528
1783449722	9070352
1783449727	8424304
1783449732	7454512
1783449737	9132912
1783449743	8821024
1783449748	8463424
1783449753	8582544
1783449758	9408864
1783449763	8683568
1783449768	9252096
1783449773	8231936
1783449778	10202944
1783449783	8274240
1783449788	9691760
1783449793	8785792
1783449798	9190736
1783449803	8622256
1783449808	10426656
1783449813	9890960
1783449818	8250288
1783449823	9035760
1783449828	8613728
1783449833	9488832
1783449838	8791984
1783449844	8371680
1783449849	8835648
1783449854	9083936
1783449859	8331280
1783449864	9474624
1783449869	10165520
1783449874	8325808
1783449879	9818112
1783449884	6220576
1783449889	8113920
1783449894	9111056
1783449899	10226896
1783449904	9579184
1783449909	8275472
1783449914	9601312
1783449919	7822928
1783449924	9769424
1783449929	8322512
1783449934	7876336
1783449940	8778160
1783449945	8410720
1783449950	8462288
1783449955	8048352
1783449960	9548336
1783449965	8386096
1783449970	10398912
1783449975	7378256
1783449980	8639872
1783449985	8444720
1783449990	8439120
1783449995	8031568
1783450000	10322144
1783450005	7508992
1783450010	9109840
1783450015	9934800
1783450020	7139856
1783450025	8225008
1783450030	8911248
1783450036	8101968
1783450041	8291376
1783450046	10481168
1783450051	7194128
1783450056	8210368
1783450061	9682784
1783450066	8882352
1783450071	11103232
1783450076	7771440
1783450081	8235584
1783450086	8550208
1783450091	7871808
1783450096	8818000
1783450101	9857056
1783450106	7546928
1783450111	8221616
1783450116	10166528
1783450121	9192736
1783450126	8981536
1783450131	8672352
1783450137	7249056
1783450142	9690864
1783450147	9304720
1783450152	9005168
1783450157	8761376
1783450162	9197856
1783450167	8355216
1783450172	10203824
1783450177	9565008
1783450182	9809664
1783450187	9213088
1783450192	9772736
1783450197	9629616
1783450202	8824192
1783450207	8450944
1783450212	9159824
1783450217	8534736
1783450222	10080400
1783450227	9757552
1783450232	9305472
1783450238	9894944
1783450243	9235936
1783450248	9561616
1783450253	10297424
1783450258	9519792
1783450263	9157376
1783450268	8996896
1783450273	8322000
1783450278	10491920
1783450283	9468848
1783450288	7443968
1783450293	10212208
1783450298	9078112
1783450303	9875760
1783450308	10433648
1783450313	7427264
1783450318	8495040
1783450323	10465376
1783450328	9987056
1783450333	8396688
1783450339	9246480
1783450344	9402464
1783450349	9273632
1783450354	9416896
1783450359	9026208
1783450364	9354288
1783450369	9167600
1783450374	8587152
1783450379	9311440
1783450384	10030704
1783450389	8543936
1783450394	10203120
1783450399	8865184
1783450404	9566976
1783450409	9819888
1783450414	8966016
1783450419	9171312
1783450424	8998288
1783450429	11386144
1783450435	7520016
1783450440	9132496
1783450445	8747376
1783450450	8516896
1783450455	11050464
1783450460	6137088
1783450465	7933424
1783450470	10236384
1783450475	8688048
1783450480	9101328
1783450485	9616512
1783450490	8099328
1783450495	9946560
1783450500	8597888
1783450505	8498656
1783450510	8507680
1783450515	11051536
1783450520	7419296
1783450525	9244800
1783450530	9445440
1783450536	10233408
1783450541	8414048
1783450546	9722192
1783450551	8268096
1783450556	8071728
1783450561	9075392
1783450566	10622688
1783450571	8291552
1783450576	9907168
1783450581	9651856
1783450586	8426080
1783450591	9457408
1783450596	7871376
1783450601	8551920
1783450606	10756944
1783450611	5477488
1783450616	7110016
1783450621	9707328
1783450627	9651616
1783450632	9229440
1783450637	11082992
1783450642	7009312
1783450647	8105424
1783450652	10687616
1783450657	9448064
1783450662	8651232
1783450667	11055040
1783450672	7659536
1783450677	9437744
1783450682	9527968
1783450687	9403824
1783450692	8482768
1783450697	10662208
1783450702	8008912
1783450707	8713200
1783450712	9024912
1783450717	8560160
1783450722	10951520
1783450728	12382544
1783450733	7113344
1783450738	8608496
1783450743	9633872
1783450748	11120288
1783450753	8498112
1783450758	11582384
1783450763	7915088
1783450768	9142128
1783450773	9283584
1783450778	8435920
1783450783	9065024
1783450788	11203120
1783450793	8598112
1783450798	9595824
1783450803	9275472
1783450808	8543248
1783450813	11546352
1783450818	7041104
1783450824	7746976
1783450829	8739024
1783450834	8887824
1783450839	9733840
1783450844	9703072
1783450849	12327360
1783450854	7790816
1783450859	10107904
1783450864	8093840
1783450869	8416304
1783450874	11345280
1783450879	7838240
1783450884	8419120
1783450889	9634816
1783450894	9866160
1783450899	8772080
1783450904	11541664
1783450909	7184896
1783450914	10017136
1783450920	8850496
1783450925	8916160
1783450930	9848208
1783450935	10074848
1783450940	7702848
1783450945	10139088
1783450950	10217168
1783450955	10156448
1783450960	9549040
1783450965	9859216
1783450970	8468560
1783450975	11135328
1783450980	8317840
1783450985	9598208
1783450990	8809216
1783450995	10316288
1783451000	9271616
1783451005	8331040
1783451010	9191200
1783451016	9747632
1783451021	8570912
1783451026	10252464
1783451031	11222896
1783451036	6355136
1783451041	7599680
1783451046	10780176
1783451051	9313888
1783451056	9529744
1783451061	12250592
1783451066	8327680
1783451071	9229232
1783451076	9222224
1783451081	8860416
1783451086	11235024
1783451091	7443296
1783451096	8387440
1783451101	9125856
1783451106	9088912
1783451111	9005488
1783451117	11835456
1783451122	6829776
1783451127	8733248
1783451132	10497456
1783451137	9613072
1783451142	8557232
1783451147	10901920
1783451152	6342560
1783451157	8621008
1783451162	9877552
1783451167	10532224
1783451172	8444560
1783451177	11409520
1783451182	6569504
1783451187	8636272
1783451192	8600048
1783451197	8506384
1783451202	8891792
1783451208	11950816
1783451213	6121648
1783451218	7976912
1783451223	8629408
1783451228	9782992
1783451233	8477904
1783451238	8737264
1783451243	9816240
1783451248	9360144
1783451253	9789536
1783451258	11121552
1783451263	8830400
1783451268	10230128
1783451273	11255840
1783451278	10529952
1783451283	9217312
1783451288	10372512
1783451293	8721584
1783451298	9845792
1783451303	10849040
1783451309	7792544
1783451314	9176160
1783451319	10853616
1783451324	9273424
1783451329	9294496
1783451334	9781008
1783451339	8419216
1783451344	9245424
1783451349	9256880
1783451354	9672656
1783451359	8790352
1783451364	10096032
1783451369	9693984
1783451374	10169184
1783451379	9831392
1783451384	10122352
1783451389	8610128
1783451394	10521616
1783451399	10035520
1783451405	9129280
1783451410	9818800
1783451415	9475888
1783451420	9505216
1783451425	10868416
1783451430	10622224
1783451435	8230208
1783451440	9288544
1783451445	8851696
1783451450	10188864
1783451455	8634032
1783451460	2381232
1783451465	4394432
1783451470	6161552
1783451475	7959056
1783451481	7890272
1783451486	9417008
1783451491	5999728
1783451496	3403280
1783451501	5657264
1783451506	7884048
1783451511	9632464
1783451516	7635376
1783451521	10739360
1783451526	8273264
1783451531	6011232
1783451536	8181552
1783451541	9570576
1783451546	6985360
1783451551	9290896
1783451557	8570848
1783451562	5957376
1783451567	7334368
1783451572	8677616
1783451577	7655280
1783451582	9419760
1783451587	8120256
1783451592	5845952
1783451597	8019680
1783451602	8341888
1783451607	9882960
1783451612	8357840
1783451617	8493888
1783451622	9042976
1783451627	8818816
1783451633	8487392
1783451638	9685472
1783451643	8562656
1783451648	7337040
1783451653	9696320
1783451658	8358656
1783451663	8489664
1783451668	9610384
1783451673	8431680
1783451678	8184752
1783451683	10080416
1783451688	8721616
1783451693	8580864
1783451698	8406112
1783451703	8735040
1783451708	7904768
1783451714	10282912
1783451719	9559696
1783451724	9766400
1783451729	10113984
1783451734	7887488
1783451739	7808192
1783451744	9026880
1783451749	9846416
1783451754	9100512
1783451759	8226016
1783451764	9431184
1783451769	9080896
1783451774	10097424
1783451779	9047760
1783451784	9027936
1783451789	8073968
1783451794	10830336
1783451800	7534848
1783451805	9087424
1783451810	7806432
1783451815	10440416
1783451820	8363616
1783451825	8707696
1783451830	7375600
1783451835	8180128
1783451840	8953184
1783451845	8722624
1783451850	7980640
1783451855	10351616
1783451860	6392224
1783451865	8382192
1783451870	8340784
1783451875	8467328
1783451880	8356176
1783451886	11468544
1783451891	8272272
1783451896	7682736
1783451901	8415904
1783451906	8541712
1783451911	8552304
1783451916	10228064
1783451921	7866336
1783451926	8940448
1783451931	10501248
1783451936	8091392
1783451941	9818528
1783451946	7678752
1783451951	8346368
1783451956	9214464
1783451961	7732224
1783451966	10745968
1783451971	11237152
1783451977	7445952
1783451982	8096672
1783451987	8546032
1783451992	8357904
1783451997	10182960
1783452002	7862224
1783452007	8610880
1783452012	8150000
1783452017	8541296
1783452022	11301456
1783452027	10121584
1783452032	7117520
1783452037	8294976
1783452042	8153104
1783452047	9156192
1783452052	9913120
1783452057	3989776
1783452062	6347632
1783452068	6715776
1783452073	7376880
1783452078	9020944
1783452083	10139040
1783452088	7119392
1783452093	7940864
1783452098	7911088
1783452103	8192480
1783452108	7628592
1783452113	9658272
1783452118	8004768
1783452123	9021968
1783452128	7386992
1783452133	9098144
1783452138	8651200
1783452143	8285392
1783452148	9091536
1783452153	8457776
1783452158	8853344
1783452164	8330256
1783452169	8155600
1783452174	7955248
1783452179	8941424
1783452184	8840912
1783452189	7758864
1783452194	7795664
1783452199	7418064
1783452204	9778352
1783452209	8583248
1783452214	9271696
1783452219	8041520
1783452224	9654976
1783452229	8291136
1783452234	6673488
1783452239	8180576
1783452244	7884128
1783452249	8827664
1783452255	6595872
1783452260	5191184
1783452265	6985040
1783452270	9307840
1783452275	8310096
1783452280	7987568
1783452285	10622704
1783452290	5689696
1783452295	7834256
1783452300	9097680
1783452305	7482736
1783452310	9291472
1783452315	6748480
1783452320	7892272
1783452325	8431040
1783452330	8249728
1783452335	7869904
1783452340	10387824
1783452346	6853968
1783452351	8297632
1783452356	9440992
1783452361	7845680
1783452366	9684736
1783452371	7551248
1783452376	7868320
1783452381	9244160
1783452386	8301008
1783452391	9798304
1783452396	7137248
1783452401	6263968
1783452406	7729792
1783452411	9546400
1783452416	8704608
1783452421	7924352
1783452426	8426272
1783452431	8246096
1783452437	9658464
1783452442	7979792
1783452447	8180608
1783452452	9432064
1783452457	8228512
1783452462	8333264
1783452467	9553888
1783452472	8331504
1783452477	8882544
1783452482	7232320
1783452487	8110880
1783452492	10131776
1783452497	8385312
1783452502	8026992
1783452507	9545392
1783452512	8276736
1783452517	9166992
1783452522	9305136
1783452528	8694768
1783452533	7721712
1783452538	9138288
1783452543	8050608
1783452548	8507984
1783452553	8517968
1783452558	10091296
1783452563	8160160
1783452568	9485600
1783452573	6915008
1783452578	8432368
1783452583	9921216
1783452588	7794272
1783452593	10565888
1783452598	5359216
1783452603	3717568
1783452608	6416256
1783452613	8091392
1783452618	7828464
1783452624	9017440
1783452629	2927488
1783452634	4123312
1783452639	6657376
1783452644	8090224
1783452649	6756304
1783452654	7597264
1783452659	10077568
1783452664	4772400
1783452669	7584672
1783452674	8124288
1783452679	8228832
1783452684	8399824
1783452689	1685456
1783452694	4612560
1783452699	6646544
1783452705	6208464
1783452710	9945648
1783452715	11530336
1783452720	3732848
1783452725	6338256
1783452730	7574192
1783452735	7651152
1783452740	9949168
1783452745	7028096
1783452750	8260576
1783452755	9217520
1783452760	8023136
1783452765	7590944
1783452770	9145536
1783452775	8569360
1783452780	7835680
1783452785	8191072
1783452790	7039744
1783452795	9076176
1783452801	7294704
1783452806	10596320
1783452811	4654752
1783452816	4322080
1783452821	4306496
1783452826	5727040
1783452831	4224224
1783452836	4836192
1783452841	5987360
1783452846	9393136
1783452851	12794864
1783452856	7880688
1783452861	8146960
1783452867	9950512
1783452872	10602272
1783452877	4838384
1783452882	6083376
1783452887	5535808
1783452893	11981136
1783452898	11390352
1783452903	6486128
1783452908	7503408
1783452913	7646928
1783452918	9110080
1783452923	7817712
1783452928	6906672
1783452933	9966416
1783452938	5236208
1783452943	7642960
1783452948	8266784
1783452953	9087104
1783452958	8609536
1783452963	6184320
1783452968	7248144
1783452973	8498080
1783452978	7955744
1783452983	8714080
1783452988	10317856
1783452993	7418064
1783452999	8207504
1783453004	7540288
1783453009	7958464
1783453014	9722336
1783453019	7608160
1783453024	7989504
1783453029	9836752
1783453034	7774272
1783453039	9182064
1783453044	9132416
1783453049	8551840
1783453054	8130752
1783453059	7146864
1783453064	8502928
1783453069	8859712
1783453074	9132512
1783453079	8687168
1783453084	9349680
1783453089	8949504
1783453094	8208960
1783453100	8275648
1783453105	8838416
1783453110	8182592
1783453115	6873376
1783453120	8250384
1783453125	9887456
1783453130	6122512
1783453135	7844416
1783453140	9524320
1783453145	8085232
1783453150	9253824
1783453155	5846944
1783453160	7675184
1783453165	8676176
1783453170	7573040
1783453175	8174160
1783453180	9760080
1783453185	8581408
1783453190	8147008
1783453195	9874736
1783453200	7426976
1783453206	7581568
1783453211	9070160
1783453216	7310672
1783453221	9390064
1783453226	8841520
1783453231	9229712
1783453236	8408736
1783453241	8512720
1783453246	9147296
1783453251	9115680
1783453256	8556464
1783453261	9010544
1783453266	7940544
1783453271	7550992
1783453276	9736432
1783453281	9104576
1783453286	9267120
1783453291	8091504
1783453296	9397456
1783453301	9094240
1783453307	9413552
1783453312	7529024
1783453317	8211296
1783453322	7510928
1783453327	8020560
1783453332	8905520
1783453337	9203712
1783453342	7454416
1783453347	9968448
1783453352	8087376
1783453357	10463312
1783453362	8895552
1783453367	6673104
1783453372	9479344
1783453377	8343856
1783453382	9040496
1783453387	8896400
1783453392	6886560
1783453397	8409136
1783453403	10462752
1783453408	8992192
1783453413	8139184
1783453418	8368304
1783453423	8430992
1783453428	10231872
1783453433	9197552
1783453438	8003856
1783453443	9657984
1783453448	8743184
1783453453	8762720
1783453458	8754288
1783453463	9185888
1783453468	9191376
1783453473	8630448
1783453478	9491680
1783453484	9104464
1783453489	9021936
1783453494	8175008
1783453499	7537216
1783453504	8475248
1783453509	7980608
1783453514	10026672
1783453519	8486432
1783453524	9648320
1783453529	8832576
1783453534	7726800
1783453539	8846976
1783453544	7338128
1783453549	8125808
1783453554	9964176
1783453559	9707040
1783453564	8972768
1783453569	9664144
1783453575	8026880
1783453580	9553904
1783453585	7310832
1783453590	6888560
1783453595	8450608
1783453600	7699008
1783453605	8414528
1783453610	10048624
1783453615	9603520
1783453620	6084944
1783453625	8357504
1783453630	8202864
1783453635	10536976
1783453640	10700112
1783453645	7360416
1783453650	8999056
1783453655	8047488
1783453660	10678400
1783453665	9198608
1783453671	4709072
1783453676	6970400
1783453681	8598480
1783453686	10209920
1783453691	11693600
1783453696	4747680
1783453701	6339520
1783453706	8910352
1783453711	10253264
1783453716	8110096
1783453721	10539504
1783453726	4639056
1783453731	6875392
1783453736	9355824
1783453741	8373904
1783453746	11017072
1783453751	12335168
1783453756	6418944
1783453761	9882640
1783453766	9818192
1783453772	7780816
1783453777	12069664
1783453782	5769600
1783453787	7810704
1783453792	9510592
1783453797	10101840
1783453802	7597008
1783453807	11566032
1783453812	11392448
1783453817	5273536
1783453822	7876640
1783453827	8153568
1783453832	8357792
1783453837	10537840
1783453842	5540192
1783453847	8148960
1783453852	8933616
1783453857	8170992
1783453862	11950016
1783453868	5436848
1783453873	6161904
1783453878	8838288
1783453883	8488032
1783453888	9748816
1783453893	11188928
1783453898	6474464
1783453903	7181776
1783453908	8692128
1783453913	7325536
1783453918	8448560
1783453923	11367152
1783453928	4896560
1783453933	7012032
1783453938	10227104
1783453943	8012464
1783453948	11606528
1783453953	10465376
1783453958	5534672
1783453964	8577008
1783453969	8783952
1783453974	7985344
1783453979	11673072
1783453984	5414384
1783453989	7425392
1783453994	8904576
1783453999	8063184
1783454004	11617040
1783454009	5729408
1783454014	5889392
1783454019	7321424
1783454024	9934016
1783454029	8282832
1783454034	9650896
1783454039	6531424
1783454044	7053968
1783454049	8577600
1783454054	7331152
1783454060	9642400
1783454065	10780112
1783454070	5347792
1783454075	7983408
1783454080	10242096
1783454085	9019888
1783454090	8602192
1783454095	8959856
1783454100	6853184
1783454105	9747744
1783454110	9627072
1783454115	9373152
1783454120	8845904
1783454125	9437168
1783454130	9781184
1783454135	8953872
1783454140	9167536
1783454145	8240336
1783454150	11486304
1783454156	8923312
1783454161	6824288
1783454166	9034752
1783454171	9368832
1783454176	9088160
1783454181	11427872
1783454186	10347152
1783454191	5136208
1783454196	8014688
1783454201	10334736
1783454206	8105264
1783454211	10828800
1783454216	9606688
1783454221	7103248
1783454226	9976048
1783454231	9272864
1783454236	9523264
1783454241	9548336
1783454246	7697808
1783454252	8735392
1783454257	9201840
1783454262	8323680
1783454267	11142496
1783454272	9687968
1783454277	7098288
1783454282	9429760
1783454287	8908784
1783454292	9451520
1783454297	11357056
1783454302	9885776
1783454307	5654512
1783454312	8525568
1783454317	8183856
1783454322	11386000
1783454327	9476880
1783454332	5380800
1783454337	7279072
1783454342	9938080
1783454348	7982688
1783454353	9983856
1783454358	8916816
1783454363	6750880
1783454368	8419904
1783454373	8941840
1783454378	9522080
1783454383	10017904
1783454388	7125152
1783454393	8307872
1783454398	9012032
1783454403	8071632
1783454408	7903952
1783454413	11480160
1783454418	5733296
1783454423	7253632
1783454428	7757280
1783454433	9639088
1783454438	10628064
1783454444	5379344
1783454449	7721008
1783454454	8733360
1783454459	8322480
1783454464	8755488
1783454469	9258416
1783454474	7739376
1783454479	8386928
1783454484	9306832
1783454489	9214688
1783454494	9657792
1783454499	10343424
1783454504	8447856
1783454509	10222528
1783454514	8440416
1783454519	10145808
1783454524	10029648
1783454529	8210416
1783454535	9721328
1783454540	6537680
1783454545	7489744
1783454550	8788704
1783454555	7882880
1783454560	8262128
1783454565	9888096
1783454570	7150608
1783454575	8658112
1783454580	9822576
1783454585	8003040
1783454590	9959584
1783454595	9840640
1783454600	10183552
1783454605	8819616
1783454610	8870384
1783454615	9824560
1783454620	10612144
1783454625	8785296
1783454631	9211040
1783454636	10227248
1783454641	9606080
1783454646	8688032
1783454651	9173136
1783454656	8485744
1783454661	8950256
1783454666	8902832
1783454671	8913024
1783454676	7928352
1783454681	10355040
1783454686	8392976
1783454691	9850832
1783454696	10145536
1783454701	9034272
1783454706	9673808
1783454711	9141840
1783454716	9113824
1783454721	9412080
1783454726	8817040
1783454732	8527776
1783454737	9479616
1783454742	8653920
1783454747	8607392
1783454752	9457024
1783454757	8412192
1783454762	10039472
1783454767	9370704
1783454772	8402560
1783454777	9671200
1783454782	8153072
1783454787	9927872
1783454792	8648656
1783454797	8529216
1783454802	10833760
1783454807	7564080
1783454812	8358432
1783454817	9753472
1783454822	9693952
1783454828	8074080
1783454833	10688224
1783454838	7547456
1783454843	9089712
1783454848	9708096
1783454853	8464800
1783454858	10128816
1783454863	6545312
1783454868	7648048
1783454873	9100080
1783454878	10480048
1783454883	8495888
1783454888	10123904
1783454893	11056416
1783454898	8100960
1783454903	8847744
1783454908	9095200
1783454913	8644624
1783454918	10268064
1783454924	6660320
1783454929	7997200
1783454934	8500704
1783454939	8243888
1783454944	11109808
1783454949	8669472
1783454954	6749248
1783454959	8275232
1783454964	8100928
1783454969	11232016
1783454974	8853616
1783454979	4432576
1783454984	7364896
1783454989	7998128
1783454994	8171472
1783454999	10590320
1783455004	7281744
1783455009	8762800
1783455015	8882640
1783455020	8486816
1783455025	10157552
1783455030	8597296
1783455035	8870608
1783455040	9926960
1783455045	8746464
1783455050	8234192
1783455055	9307712
1783455060	8941840
1783455065	8583232
1783455070	8653600
1783455075	8542560
1783455080	9839824
1783455085	9211008
1783455090	8725856
1783455095	9324848
1783455100	9563072
1783455105	8291632
1783455111	10205632
1783455116	7522880
1783455121	9684368
1783455126	8679504
1783455131	8083536
1783455136	9387744
1783455141	7667568
1783455146	9245696
1783455151	9653152
1783455156	7330016
1783455161	7896128
1783455166	7289600
1783455171	7922480
1783455176	8931344
1783455181	8620592
1783455186	8385712
1783455191	10110288
1783455196	10615424
1783455201	9406016
1783455207	10934080
1783455212	3739984
1783455217	6038176
1783455222	7177024
1783455227	8350752
1783455232	8015264
1783455237	10206864
1783455242	7804128
1783455247	9319216
1783455252	8946688
1783455257	8300080
1783455262	10065504
1783455267	6341344
1783455272	8032624
1783455277	8859808
1783455282	7780272
1783455287	9166768
1783455293	6850784
1783455298	7728432
1783455303	9028432
1783455308	7021776
1783455313	8238928
1783455318	10149248
1783455323	7283680
1783455328	7829824
1783455333	9318352
1783455338	8190720
1783455343	9868576
1783455348	7486656
1783455353	9362448
1783455358	10037456
1783455363	9043424
1783455368	7028848
1783455373	10513392
1783455378	5905296
1783455383	8143984
1783455389	7957472
1783455394	8869568
1783455399	8350672
1783455404	9841840
1783455409	6414528
1783455414	9695312
1783455419	9312768
1783455424	9125984
1783455429	9976448
1783455434	6507936
1783455439	7710544
1783455444	8787584
1783455449	8379216
1783455454	8192336
1783455459	9911936
1783455464	9356192
1783455469	8817168
1783455474	10268128
1783455479	8552416
1783455484	10124096
1783455490	6449648
1783455495	6493600
1783455500	8069360
1783455505	7048928
1783455510	8308688
1783455515	11085328
1783455520	5232080
1783455525	7714576
1783455530	9089024
1783455535	8594512
1783455540	9980016
1783455545	2660224
1783455550	4647456
1783455555	6244848
1783455560	6779376
1783455565	9186976
1783455570	8881456
1783455575	7005792
1783455580	8052160
1783455586	6959776
1783455591	9574432
1783455596	9177632
1783455601	6701520
1783455606	8254368
1783455611	6074240
1783455616	4499088
1783455621	4007712
1783455626	4238784
1783455631	4478704
1783455636	6586736
1783455641	6494256
1783455646	4704096
1783455651	6534464
1783455656	8465248
1783455662	4885552
1783455667	4207680
1783455672	3783072
1783455677	5823072
1783455682	4120672
1783455687	7791520
1783455692	3942160
1783455698	10311904
1783455703	3878688
1783455708	6406848
1783455713	7609216
1783455718	7345520
1783455723	7715744
1783455728	9484864
1783455733	5976736
1783455739	8544016
1783455744	8981856
1783455749	8025520
1783455754	9848544
1783455759	6124864
1783455764	7477680
1783455769	8171984
1783455774	8500480
1783455779	7795488
1783455784	9650000
1783455789	7589568
1783455794	7626080
1783455799	8518016
1783455804	7558800
1783455809	9402144
1783455814	8049024
1783455819	8159488
1783455824	8851168
1783455829	9671808
1783455834	8221792
1783455839	9512832
1783455845	8618880
1783455850	8606688
1783455855	8427360
1783455860	7532464
1783455865	8325072
1783455870	8631008
1783455875	8283168
1783455880	7992864
1783455885	9317840
1783455890	8941216
1783455895	8568336
1783455900	8644192
1783455905	8162736
1783455910	8859120
1783455915	8122160
1783455920	9112896
1783455925	6609664
1783455930	8672336
1783455935	9405520
1783455940	7882256
1783455946	9206320
1783455951	9501936
1783455956	9122016
1783455961	9744624
1783455966	9099760
1783455971	9048672
1783455976	8733680
1783455981	9003952
1783455986	8791520
1783455991	8163040
1783455996	7860384
1783456001	9438016
1783456006	8856640
1783456011	7996608
1783456016	8701472
1783456021	7696672
1783456026	9733536
1783456031	9223888
1783456036	9821536
1783456041	6986160
1783456046	7914208
1783456052	9254544
1783456057	9041632
1783456062	9562160
1783456067	6808736
1783456072	8263776
1783456077	9379776
1783456082	10406816
1783456087	7248656
1783456092	7252016
1783456097	8417472
1783456102	7957888
1783456107	11611680
1783456112	7498128
1783456117	9240736
1783456122	7358352
1783456127	9941664
1783456132	8048432
1783456137	9474592
1783456142	9106864
1783456147	8820320
1783456152	9164896
1783456158	7757296
1783456163	9433248
1783456168	9345056
1783456173	6073200
1783456178	8190880
1783456183	8219168
1783456188	8934800
1783456193	9554208
1783456198	6400592
1783456203	7936016
1783456208	9557440
1783456213	8585984
1783456218	7579616
1783456223	11147232
1783456228	6521040
1783456233	9720848
1783456238	9101648
1783456243	8235728
1783456248	9416736
1783456253	8264832
1783456258	8870112
1783456264	8432128
1783456269	7069504
1783456274	8084544
1783456279	8826080
1783456284	8359648
1783456289	7996880
1783456294	8641616
1783456299	8252704
1783456304	10200368
1783456309	10310864
1783456314	10277888
1783456319	8761792
1783456324	7917392
1783456329	7055680
1783456334	9816800
1783456339	8775296
1783456344	8565744
1783456349	9048416
1783456354	8991360
1783456359	8631120
1783456364	9116336
1783456369	8151200
1783456375	9668512
1783456380	8093728
1783456385	8301440
1783456390	10281056
1783456395	9450464
1783456400	8364320
1783456405	8390320
1783456410	8457008
1783456415	9832016
1783456420	9009680
1783456425	9441936
1783456430	8289296
1783456435	8278032
1783456440	8772640
1783456445	10109728
1783456450	7500208
1783456455	8497904
1783456460	9279296
1783456465	8591680
1783456470	11037568
1783456475	7147248
1783456481	8926272
1783456486	8403296
1783456491	9391504
1783456496	9786480
1783456501	9356368
1783456506	8661520
1783456511	9224368
1783456516	7668368
1783456521	9021680
1783456526	9882000
1783456531	6818688
1783456536	7951040
1783456541	9845520
1783456546	9292304
1783456551	9534496
1783456556	11768080
1783456561	7372032
1783456566	8955504
1783456571	8875904
1783456576	8728416
1783456582	10175264
1783456587	9445648
1783456592	8689120
1783456597	9309152
1783456602	8605504
1783456607	9118800
1783456612	9739120
1783456617	9044336
1783456622	10084160
1783456627	9822256
1783456632	8996944
1783456637	8870240
1783456642	8477792
1783456647	9611344
1783456652	9013776
1783456657	8869536
1783456662	9246928
1783456667	8193792
1783456672	7625296
1783456677	10274752
1783456682	9619584
1783456688	9669392
1783456693	9048944
1783456698	9208688
1783456703	9452000
1783456708	8591376
1783456713	9148576
1783456718	9099776
1783456723	9272896
1783456728	8367408
1783456733	10259280
1783456738	7911088
1783456743	9397696
1783456748	10621472
1783456753	9006496
1783456758	9593376
1783456763	7734464
1783456768	8657472
1783456773	9458800
1783456778	8040464
1783456783	8584416
1783456789	11775360
1783456794	5611280
1783456799	7675376
1783456804	10525280
1783456809	10075232
1783456814	8513952
1783456819	10089088
1783456824	8977456
1783456829	10252928
1783456834	9559744
1783456839	9416320
1783456844	9813792
1783456849	6546832
1783456854	8441296
1783456859	8916672
1783456864	9500496
1783456869	8614528
1783456874	10287152
1783456879	8674928
1783456884	9415984
1783456890	9238128
1783456895	10509328
1783456900	9014800
1783456905	10061664
1783456910	10059120
1783456915	8681920
1783456920	9466976
1783456925	8716576
1783456930	10039824
1783456935	9747616
1783456940	9582448
1783456945	9580896
1783456950	10194496
1783456955	9388752
1783456960	10821536
1783456965	10376880
1783456970	7230352
1783456975	8780160
1783456980	9049920
1783456985	9912352
1783456990	8870112
1783456996	9075120
1783457001	9136096
1783457006	9361216
1783457011	8995312
1783457016	8675328
1783457021	10802384
1783457026	8048176
1783457031	8712320
1783457036	10340000
1783457041	8140928
1783457046	9576016
1783457051	9523648
1783457056	8741520
1783457061	10130880
1783457066	10099824
1783457071	9435488
1783457076	10909712
1783457081	10170832
1783457086	8143056
1783457091	8306864
1783457097	9292528
1783457102	11025184
1783457107	9688416
1783457112	7801520
1783457117	8684368
1783457122	10228912
1783457127	8797152
1783457132	9543472
1783457137	7102320
1783457142	9075504
1783457147	9533760
1783457152	10631888
1783457157	9398704
1783457162	11010496
1783457167	8529408
1783457172	11079600
1783457177	8791792
1783457182	8902432
1783457187	7490976
1783457192	9118032
1783457198	9823296
1783457203	10120224
1783457208	9720720
1783457213	7045808
1783457218	8147632
1783457223	9799200
1783457228	9373280
1783457233	8574272
1783457238	10983216
1783457243	7898240
1783457248	9855600
1783457253	8834784
1783457258	8481440
1783457263	10183936
1783457268	7469008
1783457273	9251648
1783457278	8087168
1783457283	8777968
1783457288	9807072
1783457293	7347136
1783457299	8530432
1783457304	7996000
1783457309	9228208
1783457314	8565168
1783457319	11169776
1783457324	7592048
1783457329	8334528
1783457334	9833136
1783457339	8612384
1783457344	11428928
1783457349	7501472
1783457354	8303088
1783457359	9119216
1783457364	8545568
1783457369	10957232
1783457374	8754512
1783457379	8362912
1783457384	9326832
1783457389	8327072
1783457394	10552000
1783457400	7846080
1783457405	9757840
1783457410	8522704
1783457415	8362528
1783457420	9639472
1783457425	7970976
1783457430	7688256
1783457435	9470000
1783457440	8897904
1783457445	9605424
1783457450	11760736
1783457455	7606448
1783457460	7935680
1783457465	9477712
1783457470	8318000
1783457475	11557248
1783457480	3784032
1783457485	5962960
1783457490	8874912
1783457495	8633392
1783457501	10816880
1783457506	5411312
1783457511	6867456
1783457516	9048512
1783457521	8480656
1783457526	11491584
1783457531	8180224
1783457536	4403392
1783457541	7119680
1783457546	8517696
1783457551	9910896
1783457556	11079920
1783457561	7605968
1783457566	8075872
1783457571	9615136
1783457576	9088848
1783457581	12017040
1783457586	12339168
1783457591	8228544
1783457596	9140560
1783457602	8230640
1783457607	10695904
1783457612	10908960
1783457617	11089696
1783457622	8243584
1783457627	8360512
1783457632	9613184
1783457637	8370736
1783457642	10062160
1783457647	7771280
1783457652	8456528
1783457657	9942192
1783457662	7837776
1783457667	9995328
1783457672	9386288
1783457677	9512336
1783457682	9687120
1783457687	8555232
1783457692	9250112
1783457697	6772384
1783457703	9169680
1783457708	8967888
1783457713	7632352
1783457718	9400960
1783457723	11343728
1783457728	8698368
1783457733	8631120
1783457738	10374032
1783457743	8796512
1783457748	11265296
1783457753	4849904
1783457759	6321632
1783457764	6735760
1783457769	7883632
1783457774	4558640
1783457779	4544704
1783457784	6773776
1783457789	8234784
1783457794	5836736
1783457799	5893184
1783457804	7868480
1783457809	8772192
1783457814	3717328
1783457819	5516336
1783457825	5424944
1783457830	8683200
1783457835	3907680
1783457841	4554784
1783457846	6055600
1783457851	6238496
1783457856	7006736
1783457861	7009680
1783457866	8941152
1783457871	7656144
1783457876	7160208
1783457881	6899552
1783457886	8254608
1783457891	9210288
1783457896	7661296
1783457901	9322272
1783457906	8879904
1783457911	7827744
1783457916	6865040
1783457921	9463904
1783457926	9092400
1783457931	7771296
1783457937	7991168
1783457942	9308640
1783457947	8639648
1783457952	7705392
1783457957	7790256
1783457962	8263872
1783457967	7794688
1783457972	9891152
1783457977	6860656
1783457982	8274608
1783457987	8710880
1783457992	6887120
1783457997	9879632
1783458002	6942592
1783458007	8197184
1783458012	7692384
1783458017	8280976
1783458022	9656032
1783458027	6626320
1783458032	8121440
1783458037	8883440
1783458042	8204096
1783458048	9255312
1783458053	10001440
1783458058	6647808
1783458063	7383280
1783458068	9253744
1783458073	7344192
1783458078	7791760
1783458083	10057312
1783458088	6451184
1783458093	7805824
1783458098	8850704
1783458103	8024848
1783458108	9174016
1783458113	8888368
1783458118	8381536
1783458123	9000016
1783458128	8542672
1783458133	8671248
1783458138	10797104
1783458143	6433952
1783458149	7786160
1783458154	8135280
1783458159	7733760
1783458164	10391680
1783458169	7647056
1783458174	7780720
1783458179	8249088
1783458184	8041104
1783458189	8151920
1783458194	11976432
1783458199	5064704
1783458204	7600176
1783458209	8861616
1783458214	7696160
1783458219	9864192
1783458224	9340800
1783458229	7094384
1783458234	8010832
1783458239	7382688
1783458244	7728512
1783458250	9416656
1783458255	9964496
1783458260	9137536
1783458265	9826208
1783458270	6991728
1783458275	9618560
1783458280	9005888
1783458285	8938160
1783458290	7416352
1783458295	12564416
1783458300	10607808
1783458305	12145168
1783458310	10401088
1783458315	9512848
1783458320	13593152
1783458325	8566928
1783458330	8914032
1783458335	8477648
1783458340	9018992
1783458345	8203488
1783458350	6854144
1783458355	7342464
1783458361	7610496
1783458366	7958304
1783458371	7757760
1783458376	7350160
1783458381	9539088
1783458386	11748528
1783458391	12271072
1783458396	11741440
1783458401	6323392
1783458406	4593488
1783458412	4842896
1783458417	2885584
1783458422	3219264
1783458427	5606640
1783458432	8122512
1783458437	8466224
1783458442	4432816
1783458447	6499952
1783458452	7197216
1783458457	7655536
1783458462	9915728
1783458467	7093120
1783458472	5482352
1783458478	4254624
1783458483	7342640
1783458488	3245904
1783458493	6844848
1783458498	5840080
1783458503	8278624
1783458508	10403552
1783458513	7327456
1783458518	6741904
1783458523	5774624
1783458528	4800496
1783458533	6551728
1783458538	8085008
1783458544	10417344
1783458549	11114272
1783458554	11871984
1783458559	5506128
1783458564	3811440
1783458569	3922768
1783458574	4417088
1783458579	6483872
1783458584	8328832
1783458589	10096640
1783458594	10127984
1783458599	7996112
1783458604	4912112
1783458609	3494480
1783458614	5144592
1783458620	7107936
1783458625	5516320
1783458630	3850528
1783458635	6173920
1783458640	10374432
1783458645	2420480
1783458650	7603408
1783458655	5111344
1783458660	7442640
1783458665	7822848
1783458670	8724096
1783458675	10578304
1783458680	4024560
1783458685	5351904
1783458690	6742032
1783458695	7504816
1783458700	9644240
1783458705	11234832
1783458711	5729296
1783458716	8529648
1783458721	9738112
1783458726	7319808
1783458731	3623024
1783458736	8733168
1783458741	5672064
1783458746	6025136
1783458751	9017520
1783458756	4886832
1783458761	2930576
1783458766	6557440
1783458772	9958480
1783458777	4027248
1783458782	5655392
1783458787	6836720
1783458792	4457552
1783458797	5969984
1783458802	7372640
1783458807	8351792
1783458812	3584576
1783458817	6479408
1783458822	7411248
1783458828	8774384
1783458833	8330640
1783458838	3412512
1783458843	6532496
1783458848	9352176
1783458853	5651200
1783458858	7509264
1783458863	10894944
1783458868	5106496
1783458874	3164288
1783458879	5811312
1783458884	6770256
1783458889	2793888
1783458894	3643616
1783458899	8897680
1783458904	4695136
1783458909	5793248
1783458914	7597248
1783458919	9814688
1783458924	2494896
1783458930	6458704
1783458935	7423472
1783458940	10314896
1783458945	7337840
1783458950	8708384
1783458955	12289136
1783458960	4606752
1783458965	3095056
1783458970	7209360
1783458975	1286272
1783458980	5310896
1783458985	7079056
1783458990	6342560
1783458995	3309440
1783459000	5450320
1783459005	8602224
1783459011	4492448
1783459016	5002736
1783459021	6212544
1783459026	8267664
1783459031	4617280
1783459036	3211568
1783459041	9028800
1783459046	3373488
1783459051	5969376
1783459056	9566768
1783459061	9165872
1783459066	11499840
1783459071	5471424
1783459076	1693168
1783459081	4412720
1783459086	7187424
1783459092	1078400
1783459097	3400928
1783459102	8869712
1783459107	8516624
1783459112	7370784
1783459117	8049680
1783459122	12632112
1783459127	10250800
1783459132	9626400
1783459137	10851856
1783459142	11021616
1783459147	12040224
1783459152	6468448
1783459157	4433936
1783459162	6442288
1783459167	9808416
1783459173	1753536
1783459178	3438064
1783459183	3909056
1783459188	5723424
1783459193	8054192
1783459198	8606544
1783459203	8219552
1783459208	5736624
1783459213	6975808
1783459218	7609616
1783459223	9601664
1783459228	10890416
1783459233	6612480
1783459238	5108256
1783459243	6434048
1783459249	10295264
1783459254	2295552
1783459259	3491632
1783459264	8879552
1783459269	7435760
1783459274	6394032
1783459279	6721264
1783459284	5420896
1783459289	3666000
1783459294	10725968
1783459299	10270416
1783459304	11756720
1783459309	9874688
1783459314	11231392
1783459319	7751696
1783459324	3784288
1783459329	6437488
1783459335	5892016
1783459340	2656544
1783459345	5148992
1783459350	6819904
1783459355	12731344
1783459360	8865136
1783459365	10295584
1783459370	11958752
1783459376	6233808
1783459381	8297600
1783459386	10971360
1783459391	5794656
1783459396	7505872
1783459401	12919968
1783459406	7620720
1783459411	8931728
1783459416	10657520
1783459421	4658336
1783459426	6724656
1783459431	5772336
1783459437	2127360
1783459442	3978864
1783459447	7432544
1783459452	4901264
1783459457	3069040
1783459462	9265264
1783459467	4974176
1783459472	8073824
1783459477	9760304
1783459482	9573392
1783459487	10581472
1783459492	9340336
1783459498	4908432
1783459503	6720960
1783459508	6090880
1783459513	8136512
1783459518	9935360
1783459523	9455280
1783459528	11205616
1783459533	12435392
1783459538	14148704
1783459543	9193392
1783459548	10902416
1783459554	13563072
1783459559	3850480
1783459564	6186864
1783459569	11976400
1783459574	6609248
1783459579	8548704
1783459584	8246656
1783459589	4579024
1783459594	5751136
1783459599	7239600
1783459604	2769600
1783459610	6145856
1783459615	7710000
1783459620	7144928
1783459625	4128912
1783459630	10025280
1783459635	11800720
1783459640	6962752
1783459645	8040656
1783459650	9961808
1783459655	9411104
1783459660	6388848
1783459665	13143840
1783459670	7803584
1783459675	11435472
1783459680	7129152
1783459685	8485088
1783459691	11683856
1783459696	11070736
1783459701	14300048
1783459706	11407488
1783459711	8234432
1783459716	9378880
1783459721	9796400
1783459726	11550016
1783459731	12623856
1783459736	6465216
1783459741	5866496
1783459746	8041632
1783459751	5272752
1783459756	6861248
1783459761	8150288
1783459766	8734160
1783459771	12097984
1783459776	12469168
1783459782	7607328
1783459787	3659744
1783459792	4455424
1783459797	5664800
1783459802	8152064
1783459807	10063488
1783459812	11692288
1783459817	10362000
1783459823	4098032
1783459828	8673232
1783459833	4211616
1783459838	5550464
1783459843	8076848
1783459848	9585856
1783459853	11209552
1783459858	13229488
1783459863	5611008
1783459868	3453008
1783459873	7370976
1783459878	9441872
1783459883	5663616
1783459888	5902656
1783459893	7140832
1783459899	10586368
1783459904	2246016
1783459909	3022368
1783459914	4658608
1783459919	5791920
1783459924	10521200
1783459929	9630256
1783459934	4193744
1783459939	8120032
1783459944	8795088
1783459949	12298736
1783459954	6261344
1783459959	9746928
1783459964	5111104
1783459969	3425760
1783459974	5519152
1783459980	8607920
1783459985	5341568
1783459990	3609104
1783459995	5291056
1783460000	9838800
1783460005	1789472
1783460010	3914336
1783460015	8217568
1783460020	5824240
1783460026	7600672
1783460031	8649408
1783460036	10680992
1783460041	13065520
1783460046	4432736
1783460051	4156560
1783460056	5958784
1783460061	8576528
1783460067	1370448
1783460072	3322672
1783460077	9771360
1783460082	6476544
1783460087	4166336
1783460092	6578976
1783460097	4598128
1783460102	7298784
1783460107	8598912
1783460112	8500496
1783460117	2484032
1783460122	6402624
1783460127	7305392
1783460133	1757456
1783460138	4312112
1783460143	5684752
1783460148	9648208
1783460153	4822800
1783460158	4122176
1783460163	6458160
1783460168	9258048
1783460173	2311808
1783460178	4978192
1783460183	6165184
1783460189	3518656
1783460194	5180192
1783460199	11637312
1783460204	5817936
1783460209	7654464
1783460214	5472016
1783460219	7337856
1783460224	9922224
1783460229	10691536
1783460234	6444416
1783460240	2331984
1783460245	3618128
1783460250	10518960
1783460255	8141648
1783460260	7390688
1783460265	10410816
1783460270	2701168
1783460275	4890288
1783460280	6590288
1783460285	9175408
1783460290	4440816
1783460295	4560672
1783460300	7765904
1783460305	9138704
1783460310	9248224
1783460316	10397968
1783460321	2474064
1783460326	4063824
1783460331	5867952
1783460336	8476432
1783460341	9546528
1783460346	6452848
1783460351	3793680
1783460356	5247904
1783460361	8063488
1783460366	6929360
1783460371	8267312
1783460376	9291264
1783460382	4627056
1783460387	3431584
1783460392	5218720
1783460397	9590160
1783460402	1994320
1783460407	3875776
1783460412	8625552
1783460417	5576128
1783460422	7371712
1783460427	8649120
1783460432	10844944
1783460437	11658032
1783460443	5277088
1783460448	4249792
1783460453	5708384
1783460458	8546848
1783460463	4524448
1783460468	4292000
1783460473	5633552
1783460478	6399520
1783460483	4589616
1783460488	7878592
1783460493	5996080
1783460498	7827616
1783460503	10230384
1783460509	4934272
1783460514	8052032
1783460519	10215152
1783460524	9672256
1783460529	12147360
1783460534	7429968
1783460539	9899552
1783460545	4706320
1783460550	4004368
1783460555	6408528
1783460560	7972336
1783460565	2906064
1783460570	1860496
1783460575	10048384
1783460580	8552384
1783460585	5604368
1783460590	6929472
1783460595	7217136
1783460600	5415120
1783460605	7656528
1783460610	7304240
1783460615	10653152
1783460621	6008464
1783460626	8864720
1783460631	5377632
1783460636	8983264
1783460641	11131584
1783460646	11672128
1783460651	12421808
1783460656	4077824
1783460661	3301792
1783460666	5806608
1783460671	6979904
1783460676	8293936
1783460681	12143808
1783460687	10571776
1783460692	7708400
1783460697	5219200
1783460702	5985808
1783460707	4879392
1783460712	6511200
1783460717	9916144
1783460722	8669888
1783460727	6882352
1783460732	8070688
1783460737	9387584
1783460742	4487616
1783460747	4595552
1783460752	6331376
1783460757	5436768
1783460762	4259728
1783460767	11729680
1783460772	12661952
1783460778	7868912
1783460783	9667136
1783460788	10623504
1783460793	8180464
1783460798	4092592
1783460803	6861072
1783460808	3888784
1783460813	3792512
1783460819	6091088
1783460824	7769168
1783460829	9440784
1783460834	8260176
1783460839	7844240
1783460844	6798016
1783460849	10649984
1783460854	11352624
1783460859	13500592
1783460864	12107760
1783460869	10258960
1783460874	8168352
1783460879	5184384
1783460884	6992416
1783460889	9825824
1783460894	10480528
1783460899	5273072
1783460904	4394080
1783460909	6014640
1783460915	7247760
1783460920	6326208
1783460925	6130000
1783460930	6158512
1783460935	8147024
1783460940	9045056
1783460945	9867040
1783460950	4931008
1783460955	5362400
1783460960	3176896
1783460965	6091152
1783460970	8873968
1783460975	9727216
1783460981	7935744
1783460986	3994976
1783460991	10493344
1783460996	6647168
1783461001	8388448
1783461006	11774704
1783461011	6917088
1783461016	3562144
1783461021	5133792
1783461026	10538896
1783461031	3028928
1783461036	5017232
1783461042	7541248
1783461047	5788480
1783461052	8761168
1783461057	10586960
1783461062	10429040
1783461067	4274912
1783461072	7168528
1783461077	8581696
1783461082	10362096
1783461087	7104336
1783461092	8530240
1783461097	6889424
1783461103	3735520
1783461108	6253440
1783461113	3572448
1783461118	6039968
1783461123	7212320
1783461128	9364256
1783461133	7509488
1783461138	5154528
1783461143	7845968
1783461148	9139472
1783461153	5701360
1783461158	8264912
1783461163	9503536
1783461168	2244800
1783461173	3950192
1783461179	9057824
1783461184	2030544
1783461189	4683824
1783461194	7919184
1783461199	5138880
1783461204	7674720
1783461209	7417680
1783461214	5343968
1783461219	7861280
1783461224	9538992
1783461229	11395904
1783461235	3092512
1783461240	7071328
1783461245	10242816
1783461250	7187472
1783461255	6093136
1783461260	7744096
1783461265	11509136
1783461270	6739264
1783461275	11433328
1783461280	8608928
1783461285	6323248
1783461290	7237536
1783461295	8631152
1783461300	5004432
1783461306	3539264
1783461311	5692128
1783461316	6979888
1783461321	3494336
1783461326	3440080
1783461331	9051088
1783461336	3620224
1783461341	5257312
1783461346	6305984
1783461351	12128176
1783461356	8189584
1783461361	8295712
1783461366	10218512
1783461371	10289040
1783461376	12230368
1783461382	5243664
1783461387	4980416
1783461392	3082848
1783461397	5541216
1783461402	8661216
1783461408	10897136
1783461413	10344192
1783461418	10314624
1783461423	1543472
1783461428	4608992
1783461433	5288416
1783461438	7814704
1783461443	9289136
1783461448	11013104
1783461453	14494512
1783461459	4987824
1783461464	3267504
1783461469	5899344
1783461474	7641616
1783461479	6197728
1783461484	3417232
1783461489	6338624
1783461494	9289712
1783461499	6707248
1783461504	4401184
1783461509	7619424
1783461515	9372832
1783461520	10190464
1783461525	9600192
1783461530	9764288
1783461535	14975584
1783461540	12890816
1783461545	11673600
1783461550	13329600
1783461555	9762976
1783461560	10751696
1783461565	13352224
1783461570	1767184
1783461575	5620592
1783461580	6862416
1783461585	7220336
1783461590	4519344
1783461595	7852848
1783461601	7116864
1783461606	6346000
1783461611	8280416
1783461616	12356080
1783461621	8562640
1783461626	12077216
1783461631	7822944
1783461636	8964896
1783461641	10378160
1783461646	12943184
1783461651	7743904
1783461656	3422832
1783461661	5873392
1783461666	10498240
1783461671	7408496
1783461676	9627344
1783461681	11860352
1783461686	10031216
1783461691	14058896
1783461697	9277616
1783461702	4582000
1783461707	7582368
1783461712	9225936
1783461717	9961216
1783461722	12221952
1783461727	10576352
1783461732	13616400
1783461737	9436656
1783461742	10852864
1783461747	11082016
1783461752	3471520
1783461757	6129152
1783461762	6989200
1783461767	4440448
1783461772	6091024
1783461777	9686560
1783461782	4978992
1783461788	6248640
1783461793	7408304
1783461798	7230320
1783461803	4529952
1783461808	7191184
1783461813	4170608
1783461818	5570736
1783461823	7809648
1783461828	8375168
1783461833	2096960
1783461838	4076400
1783461843	9292576
1783461849	6421744
1783461854	6255392
1783461859	8787456
1783461864	8437888
1783461869	6398640
1783461874	11784672
1783461879	8939968
1783461884	3856640
1783461889	6839856
1783461894	8034016
1783461899	4179856
1783461904	9609776
1783461909	4821840
1783461914	6184336
1783461919	7491088
1783461924	9562736
1783461929	12031296
1783461934	11103360
1783461939	8006864
1783461945	8680400
1783461950	7199840
1783461955	9279312
1783461960	9503744
1783461965	11410592
1783461970	12827632
1783461975	7953744
1783461980	11524128
1783461985	7412736
1783461990	10678928
1783461995	10423856
1783462000	10117120
1783462005	9505168
1783462011	8310272
1783462016	11520768
1783462021	6508704
1783462026	4957008
1783462031	3698384
1783462036	5193664
1783462041	7985920
1783462046	5745584
1783462051	3671568
1783462056	5181776
1783462061	10119904
1783462067	3441808
1783462072	5435856
1783462077	6931552
1783462082	4213472
1783462087	4236480
1783462092	8082560
1783462097	3627872
1783462102	4698688
1783462107	7022720
1783462112	7478832
1783462117	9000528
1783462123	6216016
1783462128	1446016
1783462133	4378576
1783462138	6297856
1783462143	5629952
1783462148	7782912
1783462154	8815296
1783462159	11851792
1783462164	4524016
1783462169	6711232
1783462174	10510096
1783462179	1464976
1783462184	3995744
1783462189	7537072
1783462194	4233888
1783462199	6954816
1783462204	8258608
1783462209	10536528
1783462214	8176272
1783462219	9421200
1783462224	9826832
1783462229	11252224
1783462235	7440832
1783462240	3472384
1783462245	10976528
1783462250	12270752
1783462255	8273824
1783462260	9052352
1783462265	8320560
1783462270	8208736
1783462275	14267504
1783462280	3131296
1783462285	4703456
1783462290	7655872
1783462295	4780224
1783462301	3627424
1783462306	5237968
1783462311	9154880
1783462316	1457440
1783462321	4042896
1783462326	8071856
1783462331	4074720
1783462336	6664128
1783462341	7449072
1783462346	12165952
1783462351	8145392
1783462356	8776624
1783462361	9622592
1783462366	10416544
1783462371	7139536
1783462377	10953024
1783462382	14355456
1783462387	7258064
1783462392	9752944
1783462397	10987920
1783462402	7007456
1783462407	8188368
1783462412	12632656
1783462417	4449968
1783462422	7445504
1783462427	8498256
1783462432	3923248
1783462437	3974656
1783462442	10284784
1783462447	5055936
1783462452	7180896
1783462457	8909616
1783462462	11082240
1783462468	12844096
1783462473	12361424
1783462478	1879408
1783462483	5457440
1783462488	6486400
1783462493	5083776
1783462498	5117648
1783462503	6697584
1783462508	7840416
1783462513	4141536
1783462518	6969744
1783462523	4463264
1783462528	6236800
1783462533	12470272
1783462538	12317728
1783462544	7164272
1783462549	8226512
1783462554	12338960
1783462559	6645472
1783462564	7658416
1783462569	9273408
1783462574	4082000
1783462579	4211200
1783462584	6203008
1783462589	10305616
1783462595	2462800
1783462600	4117232
1783462605	8945728
1783462610	5868208
1783462615	7588784
1783462620	8684608
1783462625	10666032
1783462630	12782272
1783462635	13122912
1783462640	6370256
1783462645	7105024
1783462650	6872608
1783462655	8319136
1783462660	9946560
1783462665	7906656
1783462670	5568880
1783462675	7855008
1783462681	6993904
1783462686	3502048
1783462691	8058336
1783462696	3802384
1783462701	5587904
1783462706	6792128
1783462711	12403840
1783462716	8016768
1783462721	9540592
1783462726	11420304
1783462731	12428784
1783462736	5394736
1783462741	5429312
1783462746	7013376
1783462751	10849792
1783462756	5576240
1783462761	7327344
1783462766	8460192
1783462772	4322672
1783462777	2027328
1783462782	6326640
1783462787	6072704
1783462792	5083376
1783462797	7582256
1783462802	8037520
1783462807	9699632
1783462812	8501712
1783462818	5779744
1783462823	3133072
1783462828	5622192
1783462833	7745184
1783462838	9680848
1783462843	8204320
1783462848	13799280
1783462853	10595056
1783462858	11112528
1783462863	11021504
1783462868	12724960
1783462873	13652944
1783462878	7418112
1783462883	8386800
1783462888	3870944
1783462893	6477824
1783462899	6657104
1783462904	8903824
1783462909	11912736
1783462914	10973168
1783462919	12679264
1783462924	3600896
1783462929	6177392
1783462934	7645056
1783462939	8457008
1783462944	11205200
1783462949	12236384
1783462954	8549344
1783462960	2690960
1783462965	9120192
1783462970	4962608
1783462975	7494928
1783462980	8254016
1783462985	11234048
1783462990	11345984
1783462995	12469520
1783463000	2251824
1783463005	4885856
1783463010	6419376
1783463015	6342880
1783463021	3087152
1783463026	4259104
1783463031	6826176
1783463036	5813680
1783463041	4992880
1783463046	9439984
1783463051	5496352
1783463056	7560880
1783463061	8815408
1783463066	9775728
1783463071	7055616
1783463076	9721264
1783463081	12155072
1783463086	5431488
1783463091	6302304
1783463096	9308880
1783463102	2216928
1783463107	4656320
1783463112	6904080
1783463117	7515536
1783463122	2119088
1783463127	4625232
1783463132	6344784
1783463137	6014112
1783463142	2630240
1783463147	7451552
1783463152	4130944
1783463157	4457456
1783463163	6020544
1783463168	7638304
1783463173	9488240
1783463178	9277584
1783463183	3573504
1783463188	2939216
1783463193	5276992
1783463198	7618768
1783463203	3330816
1783463208	5059904
1783463213	9534624
1783463218	4179120
1783463223	7128512
1783463228	8972624
1783463233	11499696
1783463238	11177888
1783463243	7750736
1783463249	4456160
1783463254	4576928
1783463259	4841552
1783463264	5031584
1783463269	8070544
1783463275	7296784
1783463280	9572528
1783463285	11995104
1783463290	3592512
1783463295	5817808
1783463300	8041024
1783463305	10396528
1783463310	8610208
1783463315	8375824
1783463320	9964992
1783463325	10413632
1783463330	12340560
1783463335	11575648
1783463340	12656320
1783463346	11001376
1783463351	4404288
1783463356	8657840
1783463361	3489856
1783463366	6034624
1783463371	6359472
1783463376	8730960
1783463381	11540880
1783463386	11213360
1783463391	8301984
1783463397	7446592
1783463402	5155616
1783463407	6201648
1783463412	9116112
1783463417	9580288
1783463422	11733120
1783463427	6949760
1783463432	4610416
1783463437	10739808
1783463442	5522544
1783463447	6907296
1783463452	9038464
1783463457	10955200
1783463462	10674368
1783463467	11900576
1783463473	6736224
1783463478	4663264
1783463483	4253984
1783463488	5907984
1783463493	8124448
1783463498	11306496
1783463503	9803840
1783463508	12303936
1783463514	4925104
1783463519	3480256
1783463524	3976160
1783463529	7952720
1783463534	7666816
1783463539	9520496
1783463544	13697936
1783463549	8723440
1783463554	14451360
1783463559	7772400
1783463565	8771440
1783463570	11219024
1783463575	10805888
1783463580	7621664
1783463585	10609440
1783463590	10765088
1783463595	7568976
1783463600	10060640
1783463605	12528848
1783463610	6678000
1783463615	2156688
1783463620	6337600
1783463625	4911312
1783463631	4517360
1783463636	5379744
1783463641	4306672
1783463646	4712000
1783463651	4558752
1783463656	4489872
1783463661	4754768
1783463666	4655680
1783463671	6044192
1783463677	4313488
1783463682	6267280
1783463687	9456576
1783463692	9223216
1783463697	10129952
1783463702	8912880
1783463707	6825952
1783463712	8381136
1783463717	6977520
1783463722	4591232
1783463727	5851968
1783463733	10880288
1783463738	11991648
1783463743	13705984
1783463748	14442464
1783463753	6561504
1783463758	8962080
1783463763	11734416
1783463768	12196960
1783463773	9033888
1783463778	9620288
1783463783	14917696
1783463788	8882080
1783463793	9618576
1783463798	12987232
1783463803	8222416
1783463808	9431008
1783463813	9598032
1783463818	14352672
1783463824	8033856
1783463829	8627984
1783463834	11897808
1783463839	2775952
1783463844	4268064
1783463849	5933776
1783463854	10772832
1783463859	6329472
1783463864	12865824
1783463869	6550496
1783463874	7265008
1783463879	9207152
1783463884	10205648
1783463889	9052672
1783463894	10428320
1783463899	10691520
1783463905	6444144
1783463910	8012192
1783463915	12142352
1783463920	1515280
1783463925	5003552
1783463930	5908784
1783463935	8941552
1783463940	8125328
1783463945	8477984
1783463950	14169488
1783463956	3390832
1783463961	5444784
1783463966	4377408
1783463971	5935280
1783463976	7031216
1783463981	10525104
1783463986	3994896
1783463991	5923616
1783463996	6443744
1783464001	5371648
1783464006	10311680
1783464012	11290576
1783464017	8248016
1783464022	8304080
1783464027	8592944
1783464032	10920176
1783464037	5500560
1783464042	5638080
1783464047	7000896
1783464052	8390096
1783464057	10095184
1783464062	6984896
1783464067	8868032
1783464072	10419744
1783464077	9942368
1783464083	10514672
1783464088	7589504
1783464093	4749440
1783464098	6193488
1783464103	8603328
1783464108	9773232
1783464113	11922608
1783464118	4774816
1783464123	3480928
1783464128	5726880
1783464133	9845136
1783464138	2515648
1783464143	5444672
1783464149	9654192
1783464154	6177584
1783464159	8143856
1783464164	9596384
1783464169	11701856
1783464174	9619584
1783464179	8042240
1783464184	10840640
1783464189	11611200
1783464194	9976176
1783464199	4808512
1783464204	9812144
1783464209	10239856
1783464215	5700560
1783464220	8252816
1783464225	8914080
1783464230	8329472
1783464235	9824768
1783464240	7717120
1783464245	10488032
1783464250	9015280
1783464255	7570432
1783464260	6462688
1783464265	8062944
1783464270	10011952
1783464275	10492064
1783464280	8248112
1783464285	11441840
1783464290	12187392
1783464295	7255264
1783464301	9565248
1783464306	9443680
1783464311	6290800
1783464316	7039216
1783464321	8126528
1783464326	11125520
1783464331	5408768
1783464336	6685776
1783464341	9367968
1783464346	9646896
1783464351	10430784
1783464356	7538400
1783464361	2896288
1783464367	6035952
1783464372	7622560
1783464377	9338208
1783464382	11885872
1783464387	2507616
1783464392	4660736
1783464397	10381056
1783464402	5769120
1783464407	8383472
1783464412	10076224
1783464417	5401056
1783464422	3042496
1783464427	5368208
1783464432	6777888
1783464437	2293520
1783464442	4064368
1783464447	10127328
1783464452	5493920
1783464458	6857712
1783464463	9473408
1783464468	9322096
1783464473	10456928
1783464478	11410640
1783464483	7190368
1783464488	7172816
1783464493	8342624
1783464498	9478304
1783464503	10148832
1783464508	11154032
1783464513	8081248
1783464518	3336624
1783464523	7380544
1783464528	5488144
1783464533	5512320
1783464538	6975296
1783464543	12230528
1783464549	7188880
1783464554	11227712
1783464559	5998240
1783464564	8796912
1783464569	10369072
1783464574	12137104
1783464579	7616336
1783464584	4445168
1783464589	9580240
1783464594	10789136
1783464599	6503120
1783464604	8035056
1783464609	10489008
1783464614	9219792
1783464620	4071648
1783464625	9971760
1783464630	6436944
1783464635	7655440
1783464640	7775232
1783464645	12204544
1783464650	8563488
1783464655	10733552
1783464660	11390176
1783464665	10684752
1783464670	5006976
1783464675	7483424
1783464680	4432800
1783464685	6246096
1783464691	8708384
1783464696	10203184
1783464701	11269216
1783464706	6328064
1783464711	5594128
1783464716	7332336
1783464721	5833024
1783464726	5938784
1783464731	8576320
1783464736	4902704
1783464741	5324560
1783464746	7013616
1783464751	9378656
1783464756	9636112
1783464761	10285296
1783464767	4698432
1783464772	2434048
1783464777	5123856
1783464782	7102544
1783464787	10304576
1783464792	8506656
1783464797	10921056
1783464802	8973440
1783464807	6213760
1783464812	2587440
1783464817	5403856
1783464822	8824848
1783464827	8695968
1783464833	11013264
1783464838	2335808
1783464843	4353376
1783464848	6229600
1783464853	11015888
1783464858	5244416
1783464863	6755440
1783464868	6143024
1783464873	2762096
1783464878	5887968
1783464883	7022160
1783464888	6790672
1783464894	4568736
1783464899	5221408
1783464904	4070064
1783464909	4658400
1783464914	5648416
1783464919	11638976
1783464924	7249568
1783464929	8351872
1783464934	10650096
1783464939	10053744
1783464944	10920944
1783464949	9506608
1783464954	7207072
1783464959	8510464
1783464964	10860128
1783464969	10237584
1783464975	12073168
1783464980	6894080
1783464985	2517808
1783464990	9389936
1783464995	5750784
1783465000	7533152
1783465005	9017024
1783465010	9874432
1783465015	11581536
1783465020	6912944
1783465025	5253008
1783465030	6060848
1783465035	4881488
1783465041	4289920
1783465046	5921120
1783465051	9827648
1783465056	9318416
1783465061	2218128
1783465066	3834256
1783465071	5583248
1783465076	11387456
1783465082	3612352
1783465087	7006784
1783465092	10462176
1783465097	6191488
1783465102	8365040
1783465107	8550912
1783465112	10917648
1783465117	13538576
1783465122	6257280
1783465127	4416352
1783465132	6438848
1783465137	11472144
1783465143	6501824
1783465148	4326384
1783465153	6170656
1783465158	7753888
1783465163	4185264
1783465168	9892752
1783465173	5965216
1783465178	7316704
1783465183	10072560
1783465188	10219136
1783465193	11875648
1783465198	13920192
1783465203	9754784
1783465208	8810928
1783465213	6260096
1783465218	8286288
1783465224	7134928
1783465229	4790384
1783465234	3264480
1783465239	3923456
1783465244	1557712
1783465249	4436304
1783465254	4017680
1783465259	6826384
1783465264	9408272
1783465269	8179424
1783465274	10287072
1783465280	4891056
1783465285	3359408
1783465290	3015280
1783465295	3508560
1783465300	6678464
1783465305	7248432
1783465310	8473744
1783465315	10315328
1783465320	3668928
1783465325	3683296
1783465330	4984128
1783465335	4586368
1783465340	3688080
1783465345	4922720
1783465351	6400736
1783465356	5008096
1783465361	1686752
1783465366	4612080
1783465371	5687744
1783465376	4185984
1783465382	2659888
1783465387	4427616
1783465392	6968400
1783465397	3861120
1783465402	5456928
1783465407	7929088
1783465412	7762592
1783465417	8958560
1783465422	7676288
1783465428	5309584
1783465433	2814496
1783465438	5095568
1783465443	6530672
1783465448	4038896
1783465453	4480096
1783465458	6598848
1783465463	10512496
1783465468	2992400
1783465473	4773440
1783465478	6630832
1783465483	5135600
1783465489	3242240
1783465494	5162832
1783465499	5744496
1783465504	2848880
1783465509	3542000
1783465514	6410048
1783465519	7329712
1783465524	4405136
1783465529	3971152
1783465535	4152576
1783465540	6162208
1783465545	9374656
1783465550	2858704
1783465555	4855728
1783465560	6580112
1783465566	1748416
1783465571	4545600
1783465576	6180304
1783465581	9240304
1783465586	4147888
1783465591	3213456
1783465596	10548976
1783465601	9076848
1783465606	6467904
1783465611	7122992
1783465616	11243328
1783465621	7064944
1783465627	2105920
1783465632	3922128
1783465637	8519776
1783465642	8012592
1783465647	4480816
1783465652	7159264
1783465657	9674752
1783465662	9768592
1783465667	6193184
1783465673	3196496
1783465678	8320368
1783465683	11275088
1783465688	10450560
1783465693	8635296
1783465698	10512992
1783465703	8486960
1783465708	3730144
1783465713	7365088
1783465718	3614832
1783465723	5560496
1783465728	10663744
1783465733	9869472
1783465738	10307408
1783465744	11718096
1783465749	11979616
1783465754	11544048
1783465759	5119584
1783465764	6382464
1783465769	4189216
1783465774	6104240
1783465779	8317712
1783465784	9716080
1783465789	7134512
1783465794	4480304
1783465799	6084720
1783465804	6891904
1783465809	10065120
1783465814	5779024
1783465820	2555872
1783465825	6502160
1783465830	8262864
1783465835	9759232
1783465840	4798336
1783465845	3839760
1783465850	7709312
1783465855	4512400
1783465860	5508768
1783465865	8017760
1783465870	7874672
1783465875	6530800
1783465881	9155888
1783465886	5553120
1783465891	3455840
1783465896	4270576
1783465901	9172976
1783465906	2232656
1783465911	4780880
1783465916	7293264
1783465921	8343504
1783465926	4993264
1783465931	3671712
1783465936	5727952
1783465941	9835232
1783465946	1102352
1783465951	3402128
1783465957	9639104
1783465962	8318784
1783465967	5228784
1783465972	5987072
1783465977	10434720
1783465982	6606272
1783465987	8435104
1783465992	9801424
1783465997	11494688
1783466002	8144656
1783466008	3136672
1783466013	6392448
1783466018	7751136
1783466023	6016992
1783466028	4283264
1783466033	7133856
1783466038	7878064
1783466043	4798224
1783466048	3687424
1783466054	6437392
1783466059	11700176
1783466064	8747488
1783466069	11971360
1783466074	13153792
1783466079	9813968
1783466084	11379696
1783466089	11908992
1783466094	3480112
1783466099	5295376
1783466104	10097104
1783466109	2525920
1783466115	2811280
1783466120	8068912
1783466125	8119648
1783466130	5140496
1783466135	7667680
1783466140	7123312
1783466145	10768416
1783466150	6111728
1783466155	5306416
1783466160	6643328
1783466165	8695920
1783466170	11103792
1783466175	13272992
1783466180	5198304
1783466185	9498208
1783466190	7788000
1783466195	6104544
1783466200	8169328
1783466206	5225888
1783466211	2867552
1783466216	5248464
1783466221	8285040
1783466226	9891344
1783466231	12788496
1783466236	4449584
1783466241	8180560
1783466246	5613728
1783466251	7789760
1783466256	9568576
1783466261	10457040
1783466266	4834496
1783466271	6879168
1783466276	10103168
1783466281	6574320
1783466287	8957856
1783466292	7380704
1783466297	8875088
1783466302	11050720
1783466307	13412928
1783466312	10580240
1783466317	2330096
1783466322	5039216
1783466327	6432800
1783466332	5274048
1783466337	3280896
1783466342	5164480
1783466347	10484512
1783466352	2515920
1783466358	4478112
1783466363	8290096
1783466368	5772352
1783466373	8547632
1783466378	8705472
1783466383	9964432
1783466388	11629360
1783466393	4593696
1783466398	6040768
1783466403	9160112
1783466408	8134624
1783466413	9408224
1783466418	6084336
1783466423	4337696
1783466428	6583888
1783466433	10872848
1783466438	4576496
1783466443	6483088
1783466448	7752544
1783466454	4475152
1783466459	2565568
1783466464	4524032
1783466469	5760464
1783466474	3232400
1783466479	5531072
1783466484	7586592
1783466489	10041056
1783466494	6454720
1783466499	8211760
1783466505	10905824
1783466510	4591920
1783466515	2642624
1783466520	5242000
1783466525	8669520
1783466530	7292192
1783466535	8002896
1783466540	7321264
1783466545	2993856
1783466550	4482272
1783466556	7400688
1783466561	2735984
1783466566	7104128
1783466571	8312336
1783466576	4528848
1783466581	5917600
1783466586	7588928
1783466591	8941872
1783466596	4361264
1783466601	3358320
1783466606	5156640
1783466611	7453136
1783466616	5571216
1783466621	2910224
1783466626	7613232
1783466632	4641424
1783466637	6671280
1783466642	7423600
1783466647	11235840
1783466652	5303072
1783466657	8385280
1783466662	9289008
1783466667	9637904
1783466672	9478688
1783466677	5779792
1783466682	6436608
1783466687	3539952
1783466692	5598272
1783466697	9008256
1783466702	10414320
1783466707	11716224
1783466712	1691792
1783466718	6943024
1783466723	7679040
1783466728	7573408
1783466733	8189520
1783466738	11060592
1783466743	5761088
1783466748	6669696
1783466753	8023648
1783466758	8817024
1783466763	10101344
1783466768	4222896
1783466774	2951504
1783466779	4641216
1783466784	5898992
1783466789	8367520
1783466794	10446256
1783466799	10162240
1783466804	9823712
1783466809	12760256
1783466814	7292160
1783466819	9203616
1783466824	10407776
1783466829	10639008
1783466834	11877920
1783466839	7615728
1783466844	1730880
1783466849	6319808
1783466854	3892928
1783466860	6804848
1783466865	8276128
1783466870	9676448
1783466875	11477936
1783466880	12596288
1783466885	4338672
1783466890	4579264
1783466895	8315728
1783466900	3576656
1783466905	5732352
1783466910	9200912
1783466915	4305104
1783466920	6627408
1783466926	8603136
1783466931	4940656
1783466936	4786048
1783466941	7577888
1783466946	5675872
1783466951	7242192
1783466956	10008800
1783466961	5346064
1783466966	4608368
1783466971	6106336
1783466976	6116944
1783466981	8517328
1783466986	10983088
1783466991	5162928
1783466996	4226512
1783467001	6946656
1783467007	6098080
1783467012	7375408
1783467017	12000592
1783467022	7346160
1783467027	8487936
1783467032	10216368
1783467037	4467472
1783467042	4080432
1783467047	5591040
1783467052	7005680
1783467057	5849024
1783467062	7657216
1783467067	10945440
1783467073	6360592
1783467078	7786336
1783467083	11020608
1783467088	2237104
1783467093	4426704
1783467098	6048288
1783467103	3029136
1783467108	4587600
1783467113	5846880
1783467118	6450864
1783467123	3306112
1783467129	5121424
1783467134	5706272
1783467139	5389376
1783467144	9924192
1783467149	10044880
1783467154	7963440
1783467159	6506800
1783467164	9075776
1783467169	11577840
1783467174	9184624
1783467179	3964208
1783467184	5697904
1783467189	9646144
1783467195	2642128
1783467200	4020928
1783467205	7130048
1783467210	5623392
1783467215	5119728
1783467220	8594736
1783467225	5088016
1783467230	6473392
1783467235	10126240
1783467240	6998672
1783467245	8744880
1783467250	11625680
1783467255	8118592
1783467260	12580672
1783467266	5014688
1783467271	1976400
1783467276	4017232
1783467281	7359440
1783467286	10602416
1783467291	12243744
1783467296	14485712
1783467301	5473984
1783467306	3155184
1783467311	5680096
1783467316	7812528
1783467321	11007456
1783467326	6264544
1783467332	8507904
1783467337	10284576
1783467342	12474128
1783467347	9245552
1783467352	4336704
1783467357	5837728
1783467362	5481456
1783467367	6551888
1783467372	13557680
1783467377	5601456
1783467382	4249712
1783467387	6249328
1783467392	8698976
1783467398	6853408
1783467403	8227840
1783467408	5516880
1783467413	3959120
1783467418	8333888
1783467423	6493568
1783467428	7982224
1783467433	9803344
1783467438	10374144
1783467443	11953408
1783467448	1993712
1783467453	4205488
1783467458	7089904
1783467463	3921600
1783467468	6213168
1783467473	6140560
1783467479	8856736
1783467484	12757072
1783467489	3794656
1783467494	4297792
1783467499	7048432
1783467504	11355200
1783467509	7572400
1783467514	13211936
1783467519	12168704
1783467524	6607200
1783467529	7972816
1783467534	10642544
1783467539	3088096
1783467544	4558432
1783467549	7630528
1783467554	6217040
1783467560	7059392
1783467565	8455936
1783467570	5645632
1783467575	4365504
1783467580	7553664
1783467585	10408976
1783467590	4657040
1783467595	1936480
1783467600	5067216
1783467605	8334368
1783467611	4971072
1783467616	6514016
1783467621	4335280
1783467626	1941760
1783467631	4997472
1783467636	6612640
1783467641	8758032
1783467646	5103088
1783467651	6345968
1783467657	5139440
1783467662	4302736
1783467667	3860832
1783467672	6434192
1783467677	8043264
1783467682	2770752
1783467687	5971984
1783467692	11013456
1783467698	3874112
1783467703	6300624
1783467708	8516304
1783467713	4866320
1783467718	5767504
1783467723	10450560
1783467728	5562368
1783467733	3447312
1783467738	5169808
1783467743	8063728
1783467749	6463136
1783467754	7473696
1783467759	9304224
1783467764	5414304
1783467769	6968832
1783467774	13382032
1783467779	6631728
1783467784	8724752
1783467789	11801888
1783467794	11216544
1783467799	14348576
1783467804	5709552
1783467809	3687248
1783467814	5431568
1783467819	8261424
1783467824	11302896
1783467829	12044144
1783467834	9408624
1783467840	6482192
1783467845	4204832
1783467850	5391120
1783467855	5675648
1783467860	10665296
1783467865	8004400
1783467870	9094784
1783467875	11258512
1783467880	9776240
1783467885	13369040
1783467890	10887136
1783467895	7369936
1783467900	9705232
1783467905	10055040
1783467910	11329312
1783467916	1933744
1783467921	5468576
1783467926	6703856
1783467931	4862400
1783467936	6055568
1783467941	8849488
1783467946	5982032
1783467951	5731392
1783467956	6729696
1783467961	10665328
1783467966	3442112
1783467971	7112704
1783467977	8596928
1783467982	11191296
1783467987	1879792
1783467992	5870880
1783467997	6933104
1783468002	5852160
1783468007	8511504
1783468012	9753328
1783468017	3013072
1783468022	5811120
1783468027	7513808
1783468033	3181968
1783468038	2982864
1783468043	5449504
1783468048	10725904
1783468053	1106336
1783468058	4241408
1783468063	6441680
1783468068	4536736
1783468073	6844464
1783468078	8400992
1783468083	9299232
1783468088	8314464
1783468093	9783440
1783468098	9830880
1783468103	12601360
1783468109	7287296
1783468114	2199856
1783468119	4798352
1783468124	7781632
1783468129	8280304
1783468135	5422624
1783468140	9018800
1783468145	1679376
1783468150	4955664
1783468155	6545408
1783468160	10676000
1783468165	2704448
1783468170	4880800
1783468175	7105024
1783468180	1069360
1783468185	3135760
1783468190	8775344
1783468195	6400736
1783468200	7647152
1783468205	8436960
1783468210	10253712
1783468215	10462256
1783468220	2555440
1783468225	7856720
1783468231	6537312
1783468236	4049328
1783468241	6209936
1783468246	9225456
1783468251	6932304
1783468256	4181488
1783468261	7309488
1783468266	10217904
1783468271	1917488
1783468276	4584800
1783468281	10312672
1783468286	10133232
1783468291	7957008
1783468296	8715888
1783468301	10248656
1783468306	6456304
1783468311	5864080
1783468316	7743664
1783468322	11361488
1783468327	7624432
1783468332	8919600
1783468337	8000096
1783468342	1890400
1783468347	5211872
1783468352	7306368
1783468357	2945120
1783468362	4450080
1783468367	7216000
1783468372	5878672
1783468377	8805616
1783468382	10641520
1783468387	11926192
1783468392	12878768
1783468397	5110592
1783468402	2660544
1783468407	6871968
1783468412	6765424
1783468418	6995216
1783468423	6226912
1783468428	7441616
1783468433	10324688
1783468438	2856560
1783468443	9560176
1783468448	5477952
1783468453	7488160
1783468458	10355968
1783468463	10734528
1783468468	10500608
1783468473	6893344
1783468479	11362848
1783468484	5272608
1783468489	5124960
1783468494	7183760
1783468499	8826112
1783468504	6583552
1783468509	10103648
1783468514	6918640
1783468519	4681408
1783468524	7750432
1783468529	6121312
1783468535	3161696
1783468540	4798080
1783468545	7109520
1783468550	8406192
1783468555	5623488
1783468560	8147312
1783468565	9230400
1783468570	4839744
1783468575	2288064
1783468580	4317216
1783468586	7556976
1783468591	1981856
1783468596	3823456
1783468601	8577664
1783468606	4382640
1783468611	6668720
1783468616	8978528
1783468621	7130752
1783468626	9654928
1783468631	8994256
1783468636	5702832
1783468641	6689808
1783468646	7963936
1783468651	9622752
1783468656	9824416
1783468661	9342992
1783468667	6446192
1783468672	2210800
1783468677	5580064
1783468682	7405760
1783468687	8890368
1783468692	7392176
1783468697	4607088
1783468702	6060960
1783468707	7459472
1783468712	10170000
1783468718	3024800
1783468723	5627968
1783468728	7970992
1783468733	10200672
1783468738	10425776
1783468743	6547600
1783468748	8989712
1783468753	3508832
1783468758	5110176
1783468763	7854128
1783468768	9771696
1783468773	11332656
1783468778	9886304
1783468784	3062592
1783468789	9227984
1783468794	5384912
1783468799	5704560
1783468804	7969008
1783468809	11142688
1783468814	12425472
1783468819	11133728
1783468824	9952832
1783468829	9631344
1783468834	9101392
1783468839	10019824
1783468844	11024880
1783468849	12590768
1783468854	10858256
1783468859	5698496
1783468864	7661376
1783468869	6235680
1783468875	7642400
1783468880	9856160
1783468885	4550000
1783468890	3580464
1783468895	5925440
1783468900	7507984
1783468905	3163936
1783468910	4497824
1783468915	7552416
1783468920	6595328
1783468925	8741536
1783468930	10204384
1783468935	5154432
1783468940	3116064
1783468945	8655088
1783468950	1539200
1783468955	4428384
1783468961	7273712
1783468966	7904000
1783468971	10577360
1783468976	6724416
1783468981	3420128
1783468986	5543920
1783468991	8049600
1783468996	6684144
1783469002	6307856
1783469007	8809856
1783469012	5607760
1783469017	4046336
1783469022	5501504
1783469027	4935200
1783469032	6914176
1783469037	7000928
1783469042	8637648
1783469047	10771120
1783469052	13370544
1783469057	13848912
1783469062	7940512
1783469067	10936592
1783469072	8829792
1783469077	5109776
1783469083	6641168
1783469088	7591968
1783469093	10441360
1783469098	6519104
1783469103	6797232
1783469108	7936368
1783469113	12870768
1783469118	1867072
1783469123	4192576
1783469128	8011744
1783469133	8697440
1783469138	13146112
1783469144	12669248
1783469149	12881264
1783469154	14554192
1783469159	13665136
1783469164	10779472
1783469169	9119072
1783469174	8238672
1783469179	7240160
1783469184	4372432
1783469189	7027136
1783469194	7586976
1783469199	4139728
1783469204	5947616
1783469209	7123040
1783469214	4714992
1783469220	2904848
1783469225	6054704
1783469230	8198160
1783469235	5543664
1783469240	2774912
1783469245	4448768
1783469250	7509440
1783469255	2511936
1783469260	4146704
1783469265	8785904
1783469270	5897600
1783469275	8076288
1783469280	10060832
1783469285	11188880
1783469290	7184432
1783469295	10126064
1783469300	13331120
1783469305	9712992
1783469310	11796016
1783469316	11240752
1783469321	10574736
1783469326	6286240
1783469331	3112720
1783469336	6618464
1783469341	8259664
1783469346	11107136
1783469351	10009840
1783469356	12897760
1783469361	4676832
1783469366	6425632
1783469371	8509552
1783469376	9355856
1783469381	12508944
1783469386	7241360
1783469391	8425776
1783469397	7872080
1783469402	7305888
1783469407	9651408
1783469412	10226704
1783469417	3749792
1783469422	6664720
1783469427	9201904
1783469432	8981648
1783469437	9437104
1783469442	8312816
1783469447	9009392
1783469452	10428496
1783469457	7372208
1783469462	9138720
1783469467	12484288
1783469472	2097600
1783469477	3509792
1783469483	4845856
1783469488	1412016
1783469493	6094992
1783469498	7835008
1783469503	7499232
1783469508	3395824
1783469513	6632144
1783469518	8781264
1783469524	1166336
1783469529	3321600
1783469534	8052352
1783469539	5020784
1783469544	6203936
1783469549	8795296
1783469554	9838880
1783469559	10336016
1783469564	9493344
1783469569	7940272
1783469574	4228496
1783469579	6038352
1783469584	9079648
1783469589	8628688
1783469594	11338720
1783469599	6925968
1783469605	3171744
1783469610	4846496
1783469615	8104272
1783469621	3327632
1783469626	2619360
1783469631	6021536
1783469636	10774128
1783469641	6293488
1783469646	3758528
1783469651	6429120
1783469656	5106704
1783469661	4031888
1783469666	6766592
1783469671	5284976
1783469677	4527744
1783469682	3553296
1783469687	6650048
1783469692	7394560
1783469697	4916256
1783469702	7193248
1783469707	8788512
1783469712	6181312
1783469717	3659088
1783469722	9071440
1783469727	5873488
1783469732	4289168
1783469737	6506928
1783469742	7224528
1783469747	9773088
1783469752	12592592
1783469758	5001312
1783469763	4088032
1783469768	5868192
1783469773	10188320
1783469778	1442336
1783469783	3828112
1783469788	5374048
1783469793	4465872
1783469799	3323712
1783469804	4682736
1783469809	9548336
1783469814	4047216
1783469819	6358416
1783469824	9788048
1783469829	9400720
1783469834	10626224
1783469839	8184688
1783469845	6541056
1783469850	3512896
1783469855	4646608
1783469860	8378096
1783469865	9588352
1783469870	9230560
1783469875	14347040
1783469880	5191776
1783469885	3980128
1783469890	6416240
1783469895	9163616
1783469900	10620304
1783469905	13604288
1783469910	12995792
1783469915	10131760
1783469921	11969920
1783469926	10485856
1783469931	10025968
1783469936	3149312
1783469941	5813024
1783469946	11265424
1783469951	6832576
1783469956	9060160
1783469961	12156096
1783469966	10042784
1783469971	11045136
1783469976	10597520
1783469981	11895024
1783469987	1794768
1783469992	5058304
1783469997	6152672
1783470002	7362352
1783470007	4825552
1783470012	6585456
1783470017	10554784
1783470022	1903248
1783470027	3792640
1783470032	3990256
1783470037	5298016
1783470042	11936992
1783470047	11700400
1783470053	12533536
1783470058	7253664
1783470063	8885760
1783470068	10574960
1783470073	3863360
1783470078	7595264
1783470083	10930608
1783470088	5998128
1783470093	7990576
1783470098	9060928
1783470103	7409136
1783470108	4415008
1783470113	6634192
1783470119	9434032
1783470124	1909536
1783470129	3731792
1783470134	8600752
1783470139	4841616
1783470144	6980016
1783470149	8528144
1783470154	9751136
1783470159	11534720
1783470164	1905840
1783470169	5442800
1783470174	6843168
1783470180	9861344
1783470185	4929808
1783470190	7138960
1783470195	8558544
1783470200	8376096
1783470205	5378864
1783470210	7338144
1783470215	11969232
1783470220	8648576
1783470225	10712880
1783470230	9214480
1783470236	3818256
1783470241	5558864
1783470246	4113600
1783470251	3761088
1783470256	6612896
1783470261	12370864
1783470266	9605136
1783470271	8669152
1783470276	10734000
1783470281	11635904
1783470286	6906656
1783470292	3986672
1783470297	10293568
1783470302	9188944
1783470307	7315424
1783470312	8940304
1783470317	11784896
1783470322	5327728
1783470327	8129488
1783470332	5562560
1783470337	7320400
1783470342	8830528
1783470347	9036368
1783470352	14940736
1783470357	9155408
1783470362	8332320
1783470367	9228896
1783470373	7605760
1783470378	8419088
1783470383	9864544
1783470388	2826768
1783470393	4894160
1783470398	6754896
1783470403	5260176
1783470408	2264544
1783470413	3508112
1783470418	8725216
1783470423	4279152
1783470428	5108640
1783470433	6913424
1783470438	5026512
1783470444	6123728
1783470449	10334496
1783470454	3696624
1783470459	5583888
1783470464	8824480
1783470469	8271792
1783470474	9899568
1783470479	5426864
1783470484	4550256
1783470489	5333536
1783470494	7544080
1783470499	6533088
1783470504	8567632
1783470509	11497648
1783470514	10464032
1783470519	11662944
1783470524	11062176
1783470529	13078592
1783470535	10291568
1783470540	5179840
1783470545	7495392
1783470550	8479840
1783470555	4019328
1783470560	5630752
1783470565	6734128
1783470570	11525696
1783470575	3074656
1783470580	5583840
1783470585	7756736
1783470590	10384144
1783470595	11228256
1783470600	7385856
1783470606	4940480
1783470611	2095696
1783470616	5432704
1783470621	6647120
1783470626	10138352
1783470631	8835104
1783470636	10930080
1783470641	9079456
1783470647	4624560
1783470652	4242128
1783470657	6592768
1783470662	8503280
1783470667	7956032
1783470672	9979216
1783470677	10796224
1783470682	9405376
1783470687	6178912
1783470692	8242512
1783470697	11047056
1783470702	11431904
1783470707	11212832
1783470713	4322432
1783470718	4504656
1783470723	3931712
1783470728	6496880
1783470733	8932960
1783470738	9635696
1783470744	13160992
1783470749	4277648
1783470754	5743472
1783470759	6956624
1783470764	6494512
1783470769	7599120
1783470774	12530448
1783470779	4971312
1783470784	3374096
1783470789	4957712
1783470794	8097264
1783470800	6953568
1783470805	9390608
1783470810	10572704
1783470815	1236720
1783470820	3568608
1783470825	6649264
1783470830	9348720
1783470835	4253584
1783470840	5206368
1783470845	7137824
1783470851	7324448
1783470856	4642464
1783470861	6585552
1783470866	11098752
1783470871	5974224
1783470876	7863056
1783470881	10180752
1783470886	2654768
1783470891	5870848
1783470896	6841216
1783470901	5240288
1783470906	3437456
1783470911	5608976
1783470917	10229600
1783470922	6369104
1783470927	8792992
1783470932	13278112
1783470937	4830688
1783470942	2795472
1783470947	5596400
1783470952	6499456
1783470957	4050752
1783470962	7825088
1783470967	5143296
1783470973	6905952
1783470978	10802160
1783470983	8013296
1783470988	10086096
1783470993	10161904
1783470998	12539120
1783471003	9406336
1783471008	5981088
1783471013	6926704
1783471018	9502928
1783471023	9846048
1783471028	11637696
1783471033	6934832
1783471038	4040448
1783471043	5681824
1783471048	4017552
1783471053	4430992
1783471058	5871776
1783471064	10318480
1783471069	2326816
1783471074	4809760
1783471079	6767776
1783471084	7560944
1783471089	7413984
1783471094	12894048
1783471099	13847024
1783471104	10247360
1783471109	11564544
1783471114	14608176
1783471120	1791904
1783471125	4350752
1783471130	5817344
1783471135	5709728
1783471140	2700976
1783471145	7979984
1783471150	7720656
1783471155	5671536
1783471160	7550224
1783471165	9016784
1783471170	10943360
1783471175	12419504
1783471180	4653648
1783471186	3206256
1783471191	5349520
1783471196	7075152
1783471201	6235680
1783471206	6241120
1783471211	12243824
1783471216	10382000
1783471221	8678208
1783471226	11802320
1783471231	3384160
1783471236	5363392
1783471241	6134160
1783471246	10624096
1783471252	9740800
1783471257	8520112
1783471262	9647840
1783471267	10030272
1783471272	10148592
1783471277	5887840
1783471282	10127360
1783471287	11537728
1783471292	9057168
1783471297	10836288
1783471302	10051984
1783471308	2435648
1783471313	7246544
1783471318	3397840
1783471323	5408000
1783471328	10854336
1783471333	8320496
1783471338	7446048
1783471343	9777024
1783471348	9984416
1783471353	8374608
1783471358	13404240
1783471364	6810448
1783471369	8808096
1783471374	9672816
1783471379	13671792
1783471384	5089008
1783471389	10119504
1783471394	13175472
1783471399	8994384
1783471404	10939616
1783471409	14113168
1783471414	2947152
1783471419	4076688
1783471424	2246224
1783471429	3616480
1783471434	5961520
1783471439	7657072
1783471444	4772800
1783471449	9401472
1783471455	10658400
1783471460	9552784
1783471465	13703152
1783471470	13691984
1783471475	12486512
1783471480	9767648
1783471485	10651744
1783471490	13328896
1783471495	1724816
1783471500	4375504
1783471505	5485872
1783471510	8960864
1783471515	10403056
1783471520	11417584
1783471526	2442448
1783471531	4527824
1783471536	8806672
1783471541	1431904
1783471546	3834640
1783471551	9622160
1783471556	3928496
1783471561	6678560
1783471566	8351120
1783471571	10945600
1783471576	14621552
1783471581	4966016
1783471586	5977344
1783471592	7562736
1783471597	6290688
1783471602	7999216
1783471607	12286016
1783471612	13721488
1783471617	9615616
1783471622	10427008
1783471627	9967328
1783471632	6049856
1783471637	4386176
1783471642	5709552
1783471647	6351408
1783471652	10474592
1783471658	2865760
1783471663	4058688
1783471668	7227632
1783471673	10543184
1783471678	10322448
1783471683	5325920
1783471688	7416704
1783471693	4621344
1783471698	7657856
1783471703	8855648
1783471708	9997712
1783471713	5520608
1783471718	5772656
1783471723	7339856
1783471728	6639312
1783471733	8293440
1783471738	9533888
1783471743	5742000
1783471749	4086992
1783471754	6181568
1783471759	10737024
1783471764	4832976
1783471769	3147056
1783471774	5304672
1783471779	10335616
1783471784	3118960
1783471789	5438240
1783471794	9123056
1783471799	10085984
1783471804	4163744
1783471809	6445488
1783471814	9306128
1783471819	7746784
1783471824	3931104
1783471829	9762560
1783471834	5141504
1783471840	6768496
1783471845	8803984
1783471850	10004592
1783471855	11651456
1783471860	4909744
1783471865	3790416
1783471870	5279392
1783471875	9526752
1783471880	6274592
1783471885	11442432
1783471890	6510656
1783471895	8007984
1783471900	9105984
1783471905	12477376
1783471910	2980912
1783471915	5663248
1783471920	10306592
1783471926	3785056
1783471931	5831264
1783471936	8881904
1783471941	5198752
1783471946	3595584
1783471951	5414128
1783471956	10511888
1783471961	1670864
1783471966	3360800
1783471971	9160432
1783471976	7427424
1783471981	8131232
1783471986	8693792
1783471991	13246176
1783471996	6354480
1783472002	8934496
1783472007	9620896
1783472012	5461184
1783472017	7692208
1783472022	7025184
1783472027	3329216
1783472032	6018240
1783472037	9706704
1783472042	5509120
1783472047	7365360
1783472052	5426352
1783472058	3695248
1783472063	8256144
1783472068	1879856
1783472073	4145392
1783472078	8343312
1783472083	9334752
1783472088	10640784
1783472093	12535056
1783472098	11314672
1783472103	12762944
1783472108	8739152
1783472113	9991664
1783472118	5137792
1783472123	3305424
1783472128	6632608
1783472133	10521824
1783472138	2265920
1783472143	6842016
1783472148	4259312
1783472154	7237648
1783472159	8503936
1783472164	10863408
1783472169	13058080
1783472174	5678208
1783472179	3862672
1783472184	5764592
1783472189	9970416
1783472194	2902192
1783472199	5038928
1783472204	6652944
1783472209	3347504
1783472215	6525312
1783472220	7537664
1783472225	4392768
1783472230	6643104
1783472235	4756688
1783472240	5890832
1783472245	8921392
1783472250	9672672
1783472255	13006592
1783472260	4750320
1783472265	3960960
1783472270	6110608
1783472275	5151968
1783472280	7308080
1783472285	8754368
1783472290	6638656
1783472295	4764016
1783472300	8247104
1783472305	6841376
1783472310	8228336
1783472316	10842464
1783472321	3847184
1783472326	7132992
1783472331	10622448
1783472336	3634112
1783472341	5337648
1783472346	10719952
1783472351	6323856
1783472356	9960272
1783472361	3475488
1783472366	5381200
1783472371	6785520
1783472376	12508448
1783472381	8776640
1783472387	11162256
1783472392	14723104
1783472397	7407216
1783472402	9089824
1783472407	10312272
1783472412	6577904
1783472417	8940528
1783472422	7015120
1783472427	2860432
1783472432	9263600
1783472437	6187776
1783472442	8886032
1783472447	9774288
1783472452	9417232
1783472457	7571264
1783472462	9101824
1783472467	10330960
1783472472	3064336
1783472477	5299472
1783472483	9823312
1783472488	6205664
1783472493	10046688
1783472498	11055408
1783472503	5541776
1783472508	7437600
1783472513	11190064
1783472518	2290896
1783472523	8364224
1783472528	4557232
1783472533	7357008
1783472538	9132064
1783472543	10229936
1783472548	10770992
1783472553	7955856
1783472558	5434512
1783472563	8212224
1783472568	2824880
1783472573	6148224
1783472579	7283296
1783472584	5361024
1783472589	8835440
1783472594	9731872
1783472599	4614640
1783472604	3588256
1783472609	6935152
1783472614	3085488
1783472619	4877872
1783472624	11471456
1783472629	3730352
1783472634	6184448
1783472639	9164208
1783472644	10218016
1783472650	6769168
1783472655	1094448
1783472660	3923728
1783472665	6566496
1783472670	8772032
1783472675	10771152
1783472680	12122608
1783472685	10267472
1783472690	5191152
1783472695	3308384
1783472701	5533584
1783472706	6271696
1783472711	7898832
1783472716	10704016
1783472721	5901952
1783472726	7776240
1783472731	10267952
1783472736	4531072
1783472741	6849136
1783472746	11650128
1783472751	5694240
1783472756	3686560
1783472761	5985440
1783472766	7798816
1783472771	6614000
1783472776	7008928
1783472781	12744144
1783472786	8811312
1783472791	10169984
1783472796	7943440
1783472801	9953696
1783472807	6139808
1783472812	2619728
1783472817	5585024
1783472822	7452656
1783472827	7588896
1783472832	12624592
1783472837	12452144
1783472842	6429120
1783472847	8421136
1783472852	10708176
1783472857	11205840
1783472862	11493536
1783472868	8005632
1783472873	3104112
1783472878	4604240
1783472883	7026752
1783472888	8998016
1783472893	11066144
1783472898	12920448
1783472903	7231632
1783472908	4548480
1783472913	6298032
1783472918	11145088
1783472924	4528176
1783472929	6732976
1783472934	11216176
1783472939	2579632
1783472944	4484144
1783472949	6663536
1783472954	6874272
1783472960	3835760
1783472965	5289584
1783472970	11118336
1783472975	7169696
1783472980	8528368
1783472985	5281264
1783472990	3477056
1783472995	6347184
1783473000	10504928
1783473005	1029312
1783473010	4707648
1783473015	4687520
1783473020	3440704
1783473025	5353632
1783473031	10143008
1783473036	3373952
1783473041	4722992
1783473046	6353744
1783473051	6667296
1783473056	3267536
1783473061	5544752
1783473066	4221744
1783473071	2147696
1783473076	5651728
1783473081	7066464
1783473086	2677200
1783473091	5730736
1783473096	6093552
1783473101	2992128
1783473107	6416944
1783473112	9491248
1783473117	6501088
1783473122	8492720
1783473127	12032960
1783473132	7025232
1783473137	8070592
1783473142	10702368
1783473147	6479392
1783473152	7445280
1783473157	7904608
1783473162	11666048
1783473167	4674256
1783473172	3311296
1783473177	6329760
1783473182	7584912
1783473188	4142208
1783473193	9415600
1783473198	4769712
1783473203	5726992
1783473208	4921056
1783473213	3838384
1783473218	5159520
1783473224	4128032
1783473229	4267968
1783473234	6753920
1783473239	4037120
1783473244	4769504
1783473249	4674704
1783473255	2846720
1783473260	7125408
1783473265	3568240
1783473270	9158880
1783473275	4729904
1783473280	5806960
1783473285	3946384
1783473290	7937952
1783473295	4173856
1783473300	3764544
1783473305	8777760
1783473310	3349616
1783473315	6987584
1783473321	3826368
1783473326	4584608
1783473331	5328384
1783473336	4891696
1783473341	7753184
1783473346	10416016
1783473351	1585168
1783473356	5474864
1783473361	6285728
1783473366	4832624
1783473371	5139424
1783473376	5210384
1783473381	10578736
1783473386	6950608
1783473391	5809856
1783473396	10342160
1783473401	9942000
1783473406	14033056
1783473411	10500064
1783473416	13646048
1783473421	12587136
1783473426	5593904
1783473431	3361408
1783473436	6630144
1783473441	9407120
1783473446	10891728
1783473452	7310352
1783473457	7529472
1783473462	10408816
1783473467	10000832
1783473472	8094976
1783473477	14370128
1783473482	8780048
1783473487	10528128
1783473492	5620336
1783473497	9976976
1783473502	13122320
1783473507	7457376
1783473512	6251952
1783473517	9434656
1783473522	9269616
1783473527	8983264
1783473532	4917840
1783473537	12064464
1783473542	7540096
1783473547	9452000
1783473552	9692656
1783473557	4793984
1783473562	9423872
1783473568	11648480
1783473573	14647696
1783473578	6159168
1783473583	9220800
1783473588	10165264
1783473593	7386240
1783473598	3202208
1783473603	4696096
1783473608	6120080
1783473613	10859488
1783473618	11800880
1783473623	12008976
1783473628	7380816
1783473633	11681168
1783473638	11604304
1783473643	8814960
1783473648	3286832
1783473653	7275248
1783473658	6882976
1783473664	9005984
1783473669	8807408
1783473674	12320176
1783473679	5589280
1783473684	7947200
1783473689	12758672
1783473694	11240576
1783473699	3167696
1783473704	5833904
1783473709	6208192
1783473715	4445600
1783473720	8775136
1783473725	9785408
1783473730	2347280
1783473735	3570688
1783473740	5768576
1783473745	2193648
1783473750	4781248
1783473755	5999296
1783473760	9595936
1783473766	4740016
1783473771	4091936
1783473776	5688416
1783473781	5041328
1783473786	7371520
1783473791	8963488
1783473796	5861616
1783473801	3574272
1783473806	5036832
1783473811	5798736
1783473817	1776912
1783473822	3576144
1783473827	5199216
1783473832	2220480
1783473837	5566688
1783473842	7168992
1783473847	4119792
1783473852	5327376
1783473857	8339344
1783473862	3121392
1783473867	5303808
1783473872	7489568
1783473877	8667344
1783473882	4194336
1783473887	3747872
1783473892	5250704
1783473897	5246976
1783473902	2981056
1783473908	5552560
1783473913	9300128
1783473918	4155952
1783473923	6476400
1783473928	4663680
1783473933	2218352
1783473938	6454784
1783473943	4008080
1783473948	5920080
1783473954	7602480
1783473959	9269808
1783473964	11673664
1783473969	7333104
1783473974	1783648
1783473979	4506080
1783473984	8017552
1783473990	7613392
1783473995	2973248
1783474000	5234384
1783474005	4750000
1783474010	4392896
1783474015	8975824
1783474020	3084672
1783474025	6456432
1783474030	8533456
1783474035	8901792
1783474040	12270960
1783474045	5109776
1783474050	2680976
1783474056	6707312
1783474061	9032496
1783474066	9302400
1783474071	13155744
1783474076	6058448
1783474081	8005776
1783474086	10027632
1783474091	11837312
1783474096	11458592
1783474101	8859504
1783474106	4473664
1783474112	3101328
1783474117	5422944
1783474122	7665776
1783474127	10757824
1783474132	2884400
1783474137	5465120
1783474142	8140160
1783474147	9728288
1783474152	12122704
1783474157	4545216
1783474162	3109616
1783474167	5058688
1783474172	8103504
1783474177	8594592
1783474182	7262048
1783474187	5040352
1783474192	7082320
1783474197	8459072
1783474202	9901216
1783474208	2964656
1783474213	5674768
1783474218	7914096
1783474223	9127488
1783474228	13813648
1783474233	4607664
1783474238	6596784
1783474243	8838784
1783474248	9084208
1783474253	7692720
1783474259	5130624
1783474264	6813216
1783474269	8283856
1783474274	5505824
1783474279	3235008
1783474284	5752144
1783474289	8967072
1783474294	9459424
1783474299	8918624
1783474304	4176448
1783474309	2672864
1783474314	4790240
1783474319	8226656
1783474324	9520672
1783474329	8696768
1783474334	3523744
1783474339	8885616
1783474345	6017888
1783474350	3913312
1783474355	6220976
1783474360	8281936
1783474365	8222560
1783474370	9443952
1783474375	10073056
1783474380	12180352
1783474385	5025824
1783474390	10200128
1783474395	9919920
1783474400	9424032
1783474405	6132432
1783474410	9894032
1783474415	4074112
1783474420	2967968
1783474425	5607232
1783474430	7921792
1783474435	11970704
1783474440	10294368
1783474445	11488288
1783474450	4230240
1783474455	6339456
1783474461	9267216
1783474466	10448272
1783474471	13196640
1783474476	6809568
1783474481	8872992
1783474486	8286768
1783474491	6167968
1783474496	10388336
1783474501	6514272
1783474506	7283920
1783474511	9875472
1783474516	11595984
1783474521	11449520
1783474527	6571856
1783474532	7660560
1783474537	10873696
1783474542	8291200
1783474547	7130304
1783474552	10762672
1783474557	3878816
1783474562	6480288
1783474567	8051168
1783474572	10297072
1783474577	12029648
1783474582	1533904
1783474588	7045984
1783474593	10547216
1783474598	7298832
1783474603	9050336
1783474608	11086016
1783474613	4194080
1783474618	3557104
1783474623	8972880
1783474628	4182640
1783474633	5623872
1783474638	8829680
1783474643	5141760
1783474649	3480736
1783474654	5153648
1783474659	9393696
1783474664	2309008
1783474669	3991104
1783474674	6261888
1783474679	4089248
1783474684	6315328
1783474689	7796896
1783474694	1443152
1783474700	4589184
1783474705	8306512
1783474710	7938096
1783474715	10164976
1783474720	4850400
1783474725	4456352
1783474730	6520176
1783474735	9023904
1783474740	2670544
1783474745	3943152
1783474750	4881104
1783474755	4576560
1783474761	6836048
1783474766	11133872
1783474771	7437008
1783474776	12409152
1783474781	9719760
1783474786	6076544
1783474791	8303312
1783474796	6878608
1783474801	4924704
1783474806	9019216
1783474811	8880352
1783474816	10978288
1783474821	7811120
1783474826	4050160
1783474831	6959776
1783474836	6686704
1783474842	3584048
1783474847	2993584
1783474852	5301808
1783474857	9678672
1783474862	1633936
1783474867	4341088
1783474872	5655488
1783474877	3516736
1783474882	7590368
1783474887	7549984
1783474892	11941728
1783474897	2577024
1783474902	5128528
1783474907	5421408
1783474913	3210624
1783474918	6517888
1783474923	8452112
1783474928	3444560
1783474933	5395968
1783474938	6159760
1783474944	2281936
1783474949	6204064
1783474954	9658384
1783474959	2648256
1783474964	4857328
1783474969	7804512
1783474974	4755344
1783474979	7082384
1783474984	7733088
1783474989	9811488
1783474994	4318464
1783474999	1858576
1783475004	5239104
1783475009	4738176
1783475014	5216784
1783475019	8567088
1783475025	9393952
1783475030	12996832
1783475035	1771680
1783475040	4794320
1783475045	4920112
1783475050	4779328
1783475055	6250720
1783475060	9480640
1783475065	2257424
1783475070	3598080
1783475075	9041296
1783475080	6168144
1783475085	4427072
1783475091	6621440
1783475096	1499536
1783475101	4008112
1783475106	5363312
1783475111	8299344
1783475116	4163264
1783475121	4035024
1783475126	3945680
1783475132	4392624
1783475137	4639008
1783475142	4280944
1783475147	4593408
1783475153	5029504
1783475158	6953568
1783475163	10556752
1783475168	11132912
1783475173	7421232
1783475178	5545968
1783475183	6176400
1783475188	4492256
1783475193	4349120
1783475198	3268464
1783475203	7369728
1783475208	5673264
1783475214	4091504
1783475219	9415632
1783475224	12292752
1783475229	6488544
1783475234	6546960
1783475239	8127920
1783475244	11499120
1783475249	12093744
1783475254	7281248
1783475260	6672096
1783475265	8182016
1783475270	8999648
1783475275	9640848
1783475280	10662736
1783475285	8874720
1783475290	13975984
1783475295	8680992
1783475300	10372720
1783475305	12549360
1783475310	7614832
1783475315	9398016
1783475320	8400736
1783475325	13849648
1783475330	10843200
1783475335	13420864
1783475340	11223696
1783475345	9343936
1783475350	11176224
1783475355	9640784
1783475360	3288848
1783475365	10671888
1783475371	6914720
1783475376	8402864
1783475381	9585568
1783475386	10910224
1783475391	13586944
1783475396	1768976
1783475401	5184704
1783475406	6231904
1783475411	5613168
1783475416	4085488
1783475421	6477968
1783475426	10311648
1783475431	2367456
1783475436	9842304
1783475441	5145408
1783475446	6531760
1783475451	8787392
1783475456	10973840
1783475462	13103232
1783475467	5043520
1783475472	5079136
1783475477	7203776
1783475482	6056992
1783475487	2526288
1783475492	6116512
1783475497	10970512
1783475502	2919216
1783475507	6984352
1783475512	6109296
1783475517	8029488
1783475522	9297648
1783475527	9996576
1783475532	8864896
1783475537	10067856
1783475542	12290320
1783475547	2081968
1783475553	5084800
1783475558	10959248
1783475563	5676224
1783475568	8458336
1783475573	13041424
1783475578	3159552
1783475583	4612400
1783475588	8237680
1783475593	10269872
1783475599	9038080
1783475604	13035936
1783475609	10782848
1783475614	7841520
1783475619	9011024
1783475624	4632752
1783475629	7826496
1783475634	4220240
1783475639	6273104
1783475644	9994048
1783475649	10344352
1783475654	3264560
1783475659	3669088
1783475664	7938496
1783475669	7690560
1783475674	12290448
1783475679	10742944
1783475684	10606960
1783475689	5246256
1783475694	4583792
1783475699	7369152
1783475704	6406304
1783475709	4759840
1783475714	5826960
1783475719	6792992
1783475725	6942496
1783475730	4106880
1783475735	6649632
1783475740	1824192
1783475745	6384928
1783475750	2907664
1783475755	6601344
1783475760	5812608
1783475765	4059776
1783475770	3009616
1783475775	5929152
1783475780	4965056
1783475785	3630928
1783475790	4978656
1783475795	3735664
1783475800	6297936
1783475806	4000816
1783475811	4518496
1783475816	5357584
1783475821	4183440
1783475826	4436208
1783475831	3992848
1783475836	6707232
1783475841	10680192
1783475846	5973344
1783475851	9556896
1783475856	10270560
1783475861	8209984
1783475866	4900944
1783475871	8146928
1783475876	11187728
1783475881	6518144
1783475886	7407536
1783475891	4593744
1783475896	5878240
1783475901	8458656
1783475906	7563968
1783475911	4232528
1783475917	4932608
1783475922	7760256
1783475927	4759168
1783475932	4954128
1783475937	7266848
1783475942	5890048
1783475947	4993440
1783475952	4280176
1783475957	6867168
1783475962	4236880
1783475967	7830096
1783475972	3718832
1783475977	6862256
1783475982	3848944
1783475987	5690448
1783475992	2600560
1783475998	3978256
1783476003	3310720
1783476008	6875360
1783476013	10257360
1783476018	4173808
1783476023	4779536
1783476028	10212352
1783476033	6695088
1783476038	4582576
1783476043	4099488
1783476048	7581600
1783476053	3381120
1783476058	8304016
1783476063	3898464
1783476068	5711136
1783476073	5235728
1783476079	1480272
1783476084	5631760
1783476089	3291968
1783476094	9797728
1783476099	5217968
1783476104	8368624
1783476109	9221648
1783476114	5511424
1783476119	4856240
1783476124	9293600
1783476129	10658080
1783476134	6986416
1783476140	3633104
1783476145	5991632
1783476150	7804480
1783476155	11141680
1783476160	13085664
1783476165	4662416
1783476170	10156864
1783476175	7406912
1783476180	9760672
1783476185	8327088
1783476190	10401680
1783476195	2164064
1783476200	9075392
1783476205	7045904
1783476210	9373072
1783476215	12536672
1783476221	5384352
1783476226	5683120
1783476231	8824224
1783476236	10770880
1783476241	4399168
1783476246	8434576
1783476251	5824256
1783476256	7876048
1783476261	5398416
1783476266	6818528
1783476271	6958528
1783476276	11482032
1783476281	7682864
1783476286	5785120
1783476291	8669488
1783476296	7841056
1783476301	5628368
1783476306	10424528
1783476311	6734512
1783476317	4888672
1783476322	3900704
1783476327	6506384
1783476332	5193120
1783476337	4625792
1783476342	7196224
1783476347	9704416
1783476352	4121376
1783476357	3072256
1783476362	6670528
1783476367	1743648
1783476373	7583248
1783476378	4869216
1783476383	7061024
1783476388	5311664
1783476393	4958784
1783476398	8091296
1783476403	9331360
1783476408	2290512
1783476413	8209744
1783476418	6422384
1783476423	9685472
1783476428	4466176
1783476433	4644464
1783476438	7076640
1783476444	3556720
1783476449	7372448
1783476454	2651216
1783476459	10272368
1783476464	7279840
1783476469	9413536
1783476474	10591904
1783476479	5281984
1783476484	7959824
1783476490	7045440
1783476495	11782256
1783476500	8137280
1783476505	6160240
1783476510	6386144
1783476515	8841744
1783476520	2514992
1783476525	6128064
1783476530	4342064
1783476535	3957712
1783476540	7917056
1783476545	3517808
1783476550	7907328
1783476555	6099712
1783476560	7809440
1783476565	10627040
1783476570	10452432
1783476576	3986208
1783476581	5745408
1783476586	4335408
1783476591	3962592
1783476596	8239488
1783476601	3528592
1783476606	4478608
1783476611	7735792
1783476616	11128656
1783476621	11303632
1783476627	9420256
1783476632	11073408
1783476637	7227376
1783476642	11124832
1783476647	11285472
1783476652	10085024
1783476657	10369424
1783476662	6140512
1783476667	4428160
1783476672	7473824
1783476677	9029408
1783476682	3155440
1783476687	9175552
1783476692	5588832
1783476697	8933552
1783476702	7584304
1783476707	13239440
1783476712	3254240
1783476717	7756512
1783476722	2647776
1783476727	6323904
1783476732	6083936
1783476737	5254560
1783476742	5218240
1783476748	5064304
1783476753	10295728
1783476758	9366000
1783476763	8960480
1783476768	11552032
1783476773	5563968
1783476778	4859504
1783476783	7353520
1783476788	14009552
1783476793	9770368
1783476798	12132144
1783476803	5934256
1783476808	5647792
1783476813	9516544
1783476818	10396032
1783476823	5631232
1783476828	8683168
1783476833	4996512
1783476838	9189568
1783476843	4154688
1783476848	5325568
1783476853	10402720
1783476858	3946752
1783476863	7858400
1783476868	3922480
1783476874	6582080
1783476879	7092784
1783476884	5654048
1783476889	5249456
1783476894	4733984
1783476899	4100800
1783476904	8233296
1783476909	4265376
1783476914	6960784
1783476919	2432000
1783476924	5894736
1783476929	8182176
1783476934	5574912
1783476939	9687536
1783476944	7821424
1783476949	6885376
1783476954	9038656
1783476959	12075456
1783476964	13755184
1783476970	3606880
1783476975	4793616
1783476980	8917040
1783476985	9417488
1783476990	2565440
1783476995	10323376
1783477000	5987296
1783477005	9093088
1783477010	5561152
1783477015	3575808
1783477020	5308272
1783477025	7965056
1783477030	10186032
1783477035	12483568
1783477040	3552448
1783477045	9611056
1783477051	6366320
1783477056	9303536
1783477061	3519664
1783477066	6770016
1783477071	6250352
1783477076	10116400
1783477081	7908368
1783477086	10857104
1783477091	7913296
1783477096	9588960
1783477101	9616640
1783477106	8048464
1783477111	4836496
1783477116	7547408
1783477121	10665584
1783477126	8270592
1783477131	3881152
1783477136	4713216
1783477141	8689920
1783477147	9951904
1783477152	7483312
1783477157	4373312
1783477162	7115728
1783477167	9330144
1783477172	4831136
1783477177	7622720
1783477182	6005520
1783477187	10074304
1783477192	4417536
1783477197	5009072
1783477202	9341312
1783477207	9835488
1783477212	13320256
1783477217	8251584
1783477222	7253456
1783477227	8969376
1783477232	10933600
1783477237	5114496
1783477243	3616512
1783477248	5547728
1783477253	10488384
1783477258	15654400
1783477263	7392416
1783477268	9809552
1783477273	11034192
1783477278	9075568
1783477283	4802240
1783477288	5635312
1783477293	8673920
1783477298	10570096
1783477303	7249248
1783477308	5409664
1783477313	9750288
1783477318	13575472
1783477323	13083328
1783477328	7685104
1783477333	10466272
1783477339	5243648
1783477344	7757776
1783477349	11693936
1783477354	9550400
1783477359	11767456
1783477364	11881056
1783477369	2692480
1783477374	9713216
1783477379	2575488
1783477384	7635440
1783477389	6938464
1783477394	8143872
1783477399	6050992
1783477404	5906240
1783477409	8966896
1783477414	10323152
1783477419	8076688
1783477425	4438784
1783477430	9604496
1783477435	10461040
1783477440	4359840
1783477445	6742496
1783477450	4309328
1783477455	6028304
1783477460	8100112
1783477465	8587488
1783477470	7503856
1783477475	3954944
1783477480	6368416
1783477486	9310240
1783477491	4606608
1783477496	2269856
1783477501	5003808
1783477506	6315072
1783477511	6302000
1783477516	9150896
1783477521	10656432
1783477526	2306000
1783477531	3112192
1783477536	6922128
1783477541	5305056
1783477546	7384736
1783477551	10251344
1783477556	10924976
1783477561	10106192
1783477566	11194320
1783477572	6652960
1783477577	11015984
1783477582	8585520
1783477587	5857600
1783477592	7933504
1783477597	9876000
1783477602	11787520
1783477607	14224752
1783477612	4635072
1783477618	4687792
1783477623	4864208
1783477628	7861248
1783477633	8329824
1783477638	10131888
1783477643	8719744
1783477648	12496448
1783477653	14475456
1783477658	10810736
1783477663	11278656
1783477668	9492848
1783477673	13596848
1783477678	14756256
1783477683	6777136
1783477688	9465136
1783477693	12615248
1783477698	9762928
1783477703	7237104
1783477708	8439232
1783477713	8663120
1783477719	13242080
1783477724	5971072
1783477729	8044880
1783477734	9441712
1783477739	9109632
1783477744	13251600
1783477749	8977360
1783477754	8316080
1783477759	9746192
1783477764	11507264
1783477769	12954688
1783477774	6723824
1783477780	4124736
1783477785	3502640
1783477790	6492224
1783477795	8145408
1783477800	8554128
1783477805	14082400
1783477810	6452096
1783477815	9204752
1783477820	11479072
1783477825	12198720
1783477830	5450688
1783477835	7395376
1783477841	10220160
1783477846	7763040
1783477851	7367200
1783477856	9443872
1783477861	9152928
1783477866	2171600
1783477871	8817200
1783477876	5419264
1783477881	6490736
1783477886	8186432
1783477891	10872416
1783477896	13070064
1783477901	4828128
1783477906	3165312
1783477911	5708848
1783477917	7788848
1783477922	3336016
1783477927	4116656
1783477932	6818544
1783477937	2046944
1783477942	3897888
1783477947	3975264
1783477952	5750144
1783477957	8538912
1783477962	9482144
1783477967	10756192
1783477972	13127504
1783477977	1953584
1783477982	5450896
1783477987	6517600
1783477992	5517600
1783477997	4307504
1783478003	5739392
1783478008	10570448
1783478013	4858064
1783478018	9410832
1783478023	5912464
1783478028	6698160
1783478033	6881488
1783478038	8286352
1783478043	6764816
1783478048	4596864
1783478053	6609888
1783478058	7358256
1783478063	8909312
1783478068	10231968
1783478073	6096864
1783478078	9472912
1783478083	10675840
1783478088	5582832
1783478093	7190640
1783478098	5126160
1783478104	6971376
1783478109	8639072
1783478114	5282656
1783478119	4772016
1783478124	6752896
1783478129	6409664
1783478134	3199440
1783478139	8983536
1783478144	3943984
1783478149	7150608
1783478154	8043168
1783478159	8432000
1783478164	2253856
1783478169	5145792
1783478174	9463488
1783478180	4967536
1783478185	3179072
1783478190	4947712
1783478195	6132992
1783478200	3723536
1783478205	9894768
1783478210	5094240
1783478215	6606272
1783478220	9115184
1783478225	10901968
1783478230	12492384
1783478235	5824752
1783478240	7132304
1783478245	8606336
1783478250	4891488
1783478256	3855760
1783478261	4448496
1783478266	6069488
1783478271	4726144
1783478276	3173648
1783478281	8174576
1783478286	2271968
1783478291	4779472
1783478296	7054368
1783478301	7607040
1783478306	9333888
1783478311	7468080
1783478317	4736144
1783478322	2600352
1783478327	6293584
1783478332	8018032
1783478337	8021984
1783478342	8624912
1783478347	7204112
1783478352	4434112
1783478357	9801952
1783478362	4077680
1783478367	7141776
1783478372	7785840
1783478377	9357024
1783478382	5426112
1783478388	5910624
1783478393	2791888
1783478398	5538304
1783478403	7991392
1783478408	9906752
1783478413	12959072
1783478418	13398800
1783478423	8672816
1783478428	11083360
1783478433	10951920
1783478438	11397616
1783478443	6389616
1783478448	4306592
1783478453	6300944
1783478458	2573584
1783478463	4786032
1783478469	9898160
1783478474	6847744
1783478479	5938752
1783478484	8063520
1783478489	10201888
1783478494	2849136
1783478499	3910928
1783478504	6407792
1783478509	5433600
1783478514	7427808
1783478519	6293760
1783478524	6352800
1783478529	9426800
1783478534	10877104
1783478539	4925824
1783478544	6350304
1783478549	5832832
1783478554	1790096
1783478559	4174512
1783478565	7895744
1783478570	10145488
1783478575	7716960
1783478580	9836544
1783478585	5144864
1783478590	3216928
1783478595	9310736
1783478600	2428080
1783478605	4962288
1783478610	7443584
1783478615	9351616
1783478620	11410976
1783478625	4765488
1783478630	3253504
1783478635	9973040
1783478640	5279168
1783478645	3418144
1783478650	7455600
1783478655	3012400
1783478661	5510336
1783478666	7788544
1783478671	1779904
1783478676	4408736
1783478681	6762864
1783478686	5275520
1783478691	7403808
1783478696	7963264
1783478701	9882800
1783478706	5423088
1783478711	4373360
1783478716	7275728
1783478721	10320208
1783478726	6113408
1783478731	8422352
1783478736	12168112
1783478741	6629744
1783478746	7712176
1783478751	11362688
1783478756	6831664
1783478762	8778096
1783478767	11288848
1783478772	8328128
1783478777	10528448
1783478782	5514896
1783478787	3018080
1783478792	5300672
1783478797	10001024
1783478802	8194592
1783478807	9949088
1783478812	10008864
1783478817	4464416
1783478822	3158832
1783478827	4942336
1783478832	9407840
1783478837	6652576
1783478842	12923856
1783478848	7375920
1783478853	8999888
1783478858	10848160
1783478863	11365104
1783478868	13183056
1783478873	10127232
1783478878	11784528
1783478883	12147536
1783478888	8955888
1783478893	9903344
1783478898	13043648
1783478903	9000800
1783478908	8492560
1783478913	11639920
1783478918	2447120
1783478923	4093088
1783478928	8970848
1783478934	2409072
1783478939	5652320
1783478944	7723408
1783478949	8579520
1783478954	6813392
1783478959	10389888
1783478964	4259120
1783478969	6368944
1783478974	7388032
1783478979	8053984
1783478984	9406336
1783478989	8559264
1783478994	8436528
1783478999	10153952
1783479005	1635952
1783479010	4258320
1783479015	6286448
1783479020	8800112
1783479025	4738912
1783479030	4352256
1783479035	6896000
1783479040	12225520
1783479046	1746976
1783479051	3503744
1783479056	9265248
1783479061	5120752
1783479066	6951376
1783479071	9424560
1783479076	9146896
1783479081	11165344
1783479086	6486016
1783479091	1162416
1783479096	3846784
1783479101	6783184
1783479106	7375680
1783479112	3465808
1783479117	4038800
1783479122	4622384
1783479127	6760752
1783479132	9610432
1783479137	10041264
1783479142	10317808
1783479147	10487040
1783479152	11305024
1783479157	8644160
1783479162	9324688
1783479167	11566752
1783479172	12413936
1783479177	15147408
1783479183	1800416
1783479188	4052048
1783479193	5647088
1783479198	8600128
1783479203	2372288
1783479208	4089072
1783479213	6406832
1783479219	2950064
1783479224	5026832
1783479229	8025200
1783479234	7969664
1783479239	9794880
1783479244	7766944
1783479249	1895088
1783479254	5538464
1783479259	6437280
1783479264	8954080
1783479270	3864048
1783479275	4473072
1783479280	5478416
1783479285	2979344
1783479290	6672384
1783479295	8213120
1783479300	8185776
1783479305	6720160
1783479310	9236096
1783479315	9336448
1783479320	8203856
1783479325	9604208
1783479331	10343216
1783479336	7504816
1783479341	8767936
1783479346	7718112
1783479351	9869712
1783479356	5335888
1783479361	5237472
1783479367	3171120
1783479372	5273680
1783479377	6929184
1783479382	9334208
1783479387	9777456
1783479392	12706496
1783479397	8057152
1783479402	5790912
1783479407	9128880
1783479412	10061200
1783479417	9017488
1783479422	6628672
1783479427	6230864
1783479432	11691872
1783479438	9693520
1783479443	7589728
1783479448	9377504
1783479453	7469712
1783479458	5839952
1783479463	7584944
1783479468	7733152
1783479473	9302960
1783479478	12427712
1783479483	4268496
1783479489	3576112
1783479494	4052960
1783479499	6842112
1783479504	5074048
1783479509	4299232
1783479514	6223072
1783479519	9377040
1783479524	6623872
1783479529	4641456
1783479534	6645968
1783479539	10510432
1783479544	1998016
1783479550	4612592
1783479555	8408896
1783479560	7686544
1783479565	5822240
1783479570	6701616
1783479575	9129376
1783479580	9555088
1783479585	4056224
1783479590	5331744
1783479595	10824512
1783479600	3815200
1783479605	6998512
1783479610	7929504
1783479615	4920800
1783479621	2425280
1783479626	4340112
1783479631	8439328
1783479636	4687456
1783479641	6791728
1783479646	9265824
1783479651	8897600
1783479656	10753536
1783479661	3941216
1783479667	2956208
1783479672	3775216
1783479677	5452304
1783479682	7649136
1783479687	1817824
1783479693	5019520
1783479698	5863456
1783479703	4717872
1783479708	6990928
1783479713	7315040
1783479718	5378320
1783479723	4680800
1783479728	3570640
1783479733	8720736
1783479738	5698912
1783479743	4731200
1783479748	7076000
1783479753	8630544
1783479758	5271504
1783479764	3208064
1783479769	8097024
1783479774	2032624
1783479779	3540448
1783479784	7983168
1783479789	9131552
1783479794	10552944
1783479799	5312896
1783479804	3231024
1783479809	9966288
1783479814	7148032
1783479820	5232880
1783479825	8495056
1783479830	4304208
1783479835	2284192
1783479840	5317968
1783479845	7025360
1783479850	4580016
1783479855	2754640
1783479860	8315440
1783479866	3484368
1783479871	6587072
1783479876	9069904
1783479881	9877328
1783479886	8612640
1783479891	1503408
1783479896	4822784
1783479901	11185456
1783479906	7930096
1783479911	8503296
1783479916	4951232
1783479922	1868672
1783479927	3747168
1783479932	5720192
1783479937	4970272
1783479942	4583424
1783479947	5469712
1783479952	7336272
1783479958	3966192
1783479963	2879168
1783479968	4246032
1783479973	7537616
1783479978	3939712
1783479983	2814240
1783479988	5367104
1783479993	2619872
1783479998	5372256
1783480003	5678064
1783480009	8237504
1783480014	9468064
1783480019	7149424
1783480024	5076096
1783480029	4103536
1783480034	4183712
1783480039	4508720
1783480044	3542672
1783480049	5796128
1783480054	7983920
1783480059	10050800
1783480064	3593616
1783480071	2579296
1783480076	4886576
1783480081	4678960
1783480086	6710624
1783480091	8472160
1783480096	9582512
1783480101	6650288
1783480106	2134272
1783480111	5073184
1783480117	6050880
1783480122	5713856
1783480127	8410208
1783480132	8345616
1783480137	3701776
1783480142	3653328
1783480147	6453104
1783480152	6952080
1783480157	5424464
1783480162	8960000
1783480167	1157424
1783480173	4528032
1783480178	6478336
1783480183	6582608
1783480188	9241360
1783480193	8779040
1783480198	10053072
1783480203	11742608
1783480208	11931024
1783480213	7067472
1783480218	2673728
1783480223	9697216
1783480228	11216128
1783480233	7676384
1783480238	10345136
1783480243	6908240
1783480249	3187504
1783480254	5815664
1783480259	8407952
1783480264	8617104
1783480269	12342336
1783480274	13958832
1783480279	11126224
1783480284	13036128
1783480289	8450448
1783480294	2339632
1783480300	4806800
1783480305	6437072
1783480310	6611728
1783480315	8707360
1783480320	10051088
1783480325	2535264
1783480330	4847504
1783480335	9005168
1783480340	3799088
1783480345	6985312
1783480350	8024880
1783480355	5416752
1783480360	10086848
1783480365	3743152
1783480370	6450576
1783480375	8786352
1783480380	8707408
1783480385	10297744
1783480391	5394736
1783480396	7052496
1783480401	4210288
1783480406	7701536
1783480411	9639920
1783480416	11405424
1783480421	5076784
1783480426	7105056
1783480431	6153856
1783480436	3455600
1783480441	6749344
1783480446	9033312
1783480451	4672736
1783480456	6699120
1783480461	7644016
1783480466	7691488
1783480472	6357088
1783480477	10296544
1783480482	1870400
1783480487	3456304
1783480492	9142000
1783480497	8841200
1783480502	5804272
1783480507	6119264
1783480512	8752448
1783480517	6128896
1783480522	2747424
1783480527	9071472
1783480532	3676608
1783480537	6495680
1783480542	8302048
1783480547	10852672
1783480553	10874560
1783480558	8162512
1783480563	11125392
1783480568	11699328
1783480573	3386304
1783480578	6991888
1783480583	8375856
1783480588	7096288
1783480593	9100880
1783480598	10369440
1783480603	7716448
1783480608	5987632
1783480613	7384336
1783480618	9836496
1783480624	11003952
1783480629	4920896
1783480634	1809824
1783480639	5218880
1783480644	8480624
1783480649	1555136
1783480654	3378048
1783480659	6232576
1783480664	7798592
1783480669	7340544
1783480674	7907232
1783480680	5093872
1783480685	4281856
1783480690	6297696
1783480695	6529568
1783480700	9530016
1783480705	9265376
1783480710	2846528
1783480715	6139472
1783480720	7211472
1783480725	2279632
1783480730	3153648
1783480735	6892016
1783480741	4073216
1783480746	6195824
1783480751	7597680
1783480756	6458160
1783480761	6221856
1783480766	7233520
1783480771	8544752
1783480776	9691792
1783480781	11982592
1783480787	4194288
1783480792	3927824
1783480797	5518224
1783480802	6211840
1783480807	9277264
1783480812	10078800
1783480817	13697392
1783480822	10163968
1783480827	6080736
1783480832	8138080
1783480838	9334832
1783480843	11238544
1783480848	6290112
1783480853	7550736
1783480858	8035104
1783480863	9577152
1783480868	6583984
1783480873	5784704
1783480878	9697744
1783480883	9678144
1783480888	10207072
1783480894	3294016
1783480899	4064432
1783480904	7722112
1783480909	8831808
1783480914	10453776
1783480919	7710960
1783480924	4894528
1783480929	9991120
1783480934	5363408
1783480939	7454112
1783480944	7003728
1783480949	5123568
1783480954	6648256
1783480959	8576384
1783480964	4542528
1783480969	2321648
1783480974	4790576
1783480980	9866688
1783480985	1257632
1783480990	3469696
1783480995	3410096
1783481000	5600720
1783481005	7285488
1783481010	8582128
1783481015	9668176
1783481020	8104608
1783481025	9942720
1783481030	9189040
1783481035	10930544
1783481040	6857712
1783481046	4978528
1783481051	3636496
1783481056	5501680
1783481061	12087424
1783481066	8525776
1783481071	13921776
1783481076	11537296
1783481081	5305760
1783481086	6510800
1783481091	10515424
1783481096	5589616
1783481101	7741520
1783481107	9056656
1783481112	11132272
1783481117	12172736
1783481122	4950928
1783481127	4176464
1783481132	5721152
1783481137	7792144
1783481142	10145968
1783481147	4127248
1783481153	5785296
1783481158	9250816
1783481163	3353600
1783481168	3858896
1783481173	5174544
1783481178	5133136
1783481183	7190512
1783481188	8449408
1783481193	8443936
1783481198	2919360
1783481203	6761296
1783481208	6873744
1783481213	5383328
1783481218	8600064
1783481224	9712608
1783481229	8905600
1783481234	1661856
1783481239	4562512
1783481244	6114704
1783481249	7490096
1783481255	2874480
1783481260	7426912
1783481265	5354720
1783481270	6857856
1783481275	9012272
1783481280	8625344
1783481285	10180912
1783481290	10837280
1783481295	3469856
1783481300	4549520
1783481305	5786832
1783481310	6166640
1783481315	6890464
1783481321	7857056
1783481326	10939856
1783481331	4523200
1783481336	3471360
1783481341	5254816
1783481346	9783168
1783481351	4487456
1783481356	4004720
1783481361	8921200
1783481367	4853696
1783481372	8054864
1783481377	9178448
1783481382	8907040
1783481387	7818768
1783481392	5399408
1783481397	9515472
1783481402	6255056
1783481407	7847776
1783481412	10550672
1783481417	11173968
1783481422	9950816
1783481427	5293920
1783481432	2803424
1783481437	4114944
1783481442	5568592
1783481447	6888912
1783481453	8491392
1783481458	11788976
1783481463	11515136
1783481468	12661408
1783481473	5176224
1783481478	8347232
1783481483	10282736
1783481488	11573536
1783481493	10613840
1783481498	9470544
1783481503	6116544
1783481509	6205280
1783481514	5707536
1783481519	5464576
1783481524	6252224
1783481529	7342080
1783481534	8991760
1783481539	10816928
1783481544	10451520
1783481549	11889840
1783481554	4401920
1783481559	5255840
1783481565	6704816
1783481570	7645936
1783481575	11295776
1783481580	9661072
1783481585	10798880
1783481590	9314000
1783481595	4761664
1783481600	5656752
1783481605	4098704
1783481610	5962320
1783481615	6155840
1783481621	5149712
1783481626	4341760
1783481631	6633984
1783481636	6907200
1783481641	8090000
1783481646	9964112
1783481651	12904112
1783481656	12912736
1783481661	11509536
1783481666	8540400
1783481671	10041072
1783481676	12002304
1783481682	8178144
1783481687	2934720
1783481692	8591152
1783481697	4038256
1783481702	6287504
1783481707	7450896
1783481712	9017936
1783481717	11063472
1783481722	10738448
1783481728	7878064
1783481733	6515920
1783481738	9120128
1783481743	6457792
1783481748	3405504
1783481753	5460416
1783481758	8012768
1783481763	6993136
1783481768	6714736
1783481773	8815824
1783481778	8021920
1783481784	5849072
1783481789	7905040
1783481794	5927968
1783481799	2432656
1783481804	5896144
1783481809	7299104
1783481814	5906640
1783481819	3606544
1783481824	5743776
1783481829	5455952
1783481834	6036384
1783481839	7348944
1783481844	8334448
1783481850	12552048
1783481855	9464544
1783481860	11414544
1783481865	5629344
1783481870	7157152
1783481875	8546880
1783481880	5593792
1783481885	4287808
1783481890	10011040
1783481895	9629136
1783481900	6921328
1783481905	8275216
1783481910	9601456
1783481915	4604880
1783481920	6204432
1783481925	5170944
1783481931	5767664
1783481936	7011088
1783481941	8640864
1783481946	10315440
1783481951	3379904
1783481956	5915120
1783481961	8698976
1783481966	3989536
1783481971	3007488
1783481976	5793648
1783481981	4665008
1783481986	2832112
1783481991	5873216
1783481996	7098432
1783482001	5994688
1783482007	4637984
1783482012	6484432
1783482017	3945376
1783482022	4107696
1783482027	8006704
1783482032	2281360
1783482037	4179408
1783482042	8727584
1783482047	10424480
1783482052	9484640
1783482057	6497792
1783482062	7235344
1783482067	5745120
1783482073	4101216
1783482078	4068432
1783482083	9002880
1783482088	4224096
1783482093	4685776
1783482098	7283008
1783482103	6839696
1783482108	3631808
1783482113	7245456
1783482118	5904480
1783482123	8149264
1783482129	7960912
1783482134	9424816
1783482139	3209072
1783482144	5720928
1783482149	10203120
1783482154	5090960
1783482159	7085440
1783482164	2881712
1783482169	5532560
1783482174	9896848
1783482179	6258896
1783482184	8793648
1783482189	11841744
1783482194	4921792
1783482199	6876256
1783482204	8131680
1783482210	1494304
1783482215	3499664
1783482220	5222800
1783482225	2844160
1783482230	4676912
1783482235	8003504
1783482240	8379056
1783482245	11066400
1783482250	4380528
1783482255	2268624
1783482260	4922336
1783482265	7392656
1783482270	7425856
1783482275	9691008
1783482280	10900976
1783482285	2911952
1783482290	5077424
1783482296	10483664
1783482301	6186208
1783482306	11976384
1783482311	9053264
1783482316	9938688
1783482321	10285856
1783482326	13947280
1783482331	5303632
1783482336	6030432
1783482341	7870176
1783482346	2193664
1783482351	4685296
1783482357	6808208
1783482362	9923280
1783482367	10056112
1783482372	13261664
1783482377	13085584
1783482382	7693104
1783482387	11695952
1783482392	5537168
1783482397	6651280
1783482402	7744688
1783482407	12636432
1783482412	6611424
1783482417	8021616
1783482422	6933264
1783482427	9358672
1783482432	11571632
1783482437	2758560
1783482442	3859344
1783482448	8360928
1783482453	3334240
1783482458	4591952
1783482463	9190048
1783482468	1444272
1783482473	5467376
1783482478	9890368
1783482483	4265104
1783482488	7122000
1783482493	8215632
1783482498	7469952
1783482503	9020832
1783482508	7810016
1783482513	9479072
1783482518	4800176
1783482523	2862800
1783482529	5570192
1783482534	7589408
1783482539	10310992
1783482544	10357408
1783482549	6233872
1783482554	3481968
1783482559	4507840
1783482564	6714224
1783482569	9808992
1783482574	10568544
1783482579	11663360
1783482584	2987520
1783482589	5124288
1783482594	8911456
1783482600	2438224
1783482605	5452688
1783482610	5186784
1783482615	3037184
1783482620	6723120
1783482625	9619072
1783482630	10753248
1783482635	4750912
1783482640	6456464
1783482645	5571248
1783482650	4561200
1783482655	6679744
1783482660	11298528
1783482665	6808032
1783482670	12124576
1783482676	12907648
1783482681	9470016
1783482686	10341152
1783482691	7224192
1783482696	3050032
1783482701	5229408
1783482706	5211280
1783482711	7029984
1783482716	7924544
1783482721	6080224
1783482726	1732304
1783482731	4089232
1783482736	8495024
1783482741	5837536
1783482746	12389936
1783482751	5986560
1783482756	7018272
1783482761	8979808
1783482766	5677312
1783482772	3322496
1783482777	6022880
1783482782	9561072
1783482787	4997312
1783482792	6944560
1783482797	10455136
1783482802	4304880
1783482807	3424448
1783482812	5206224
1783482817	7171888
1783482822	1801408
1783482827	4086080
1783482832	7731312
1783482837	3947536
1783482843	5809968
1783482848	8209248
1783482853	7958032
1783482858	8920416
1783482863	9084256
1783482869	8390240
1783482874	3124320
1783482879	5433264
1783482884	8740432
1783482889	8914032
1783482894	13701040
1783482899	9312912
1783482904	9721360
1783482909	11288848
1783482914	13067856
1783482919	12364368
1783482924	6277248
1783482929	2337104
1783482934	5467808
1783482939	7471808
1783482945	8201920
1783482950	12631552
1783482955	9676192
1783482960	10415664
1783482965	13681504
1783482970	1792000
1783482975	5226400
1783482980	10185456
1783482985	4921424
1783482990	6400960
1783482995	8253616
1783483000	6697856
1783483005	4799136
1783483010	6783408
1783483015	5994336
1783483020	3365584
1783483025	9830352
1783483030	5459664
1783483035	7762608
1783483041	9910832
1783483046	10817136
1783483051	12170304
1783483056	6933552
1783483061	3717856
1783483066	5322032
1783483071	7688032
1783483076	2119088
1783483081	7897968
1783483086	4829328
1783483091	6624288
1783483096	7685680
1783483101	10398592
1783483106	3965232
1783483111	6412256
1783483116	7731872
1783483122	8485056
1783483127	12579120
1783483132	5246816
1783483137	4772960
1783483142	6599200
1783483147	9564272
1783483152	2297408
1783483157	4146432
1783483162	8953040
1783483167	5911344
1783483172	4159184
1783483177	4948608
1783483182	4947712
1783483187	6679696
1783483192	9693520
1783483198	9258896
1783483203	10969248
1783483208	4973712
1783483213	3467648
1783483218	5819664
1783483223	9255632
1783483228	1896864
1783483233	4966112
1783483238	5582224
1783483243	3698384
1783483248	6213296
1783483253	11772080
1783483259	7511712
1783483264	12372496
1783483269	9712928
1783483274	7516032
1783483279	11091152
1783483284	11036352
1783483289	9386720
1783483294	3398544
1783483299	5474944
1783483304	8053216
1783483309	10107936
1783483314	10711728
1783483319	12071680
1783483325	5131488
1783483330	1881600
1783483335	3900400
1783483340	5872480
1783483345	9144544
1783483350	9955120
1783483355	11399072
1783483360	8583488
1783483365	10015776
1783483370	14186576
1783483375	4695120
1783483381	7765888
1783483386	3163824
1783483391	4961088
1783483396	6452928
1783483401	11752816
1783483406	5960688
1783483411	8615520
1783483416	11548320
1783483421	10984672
1783483426	8870896
1783483431	12351376
1783483436	10043920
1783483441	7362128
1783483446	9566592
1783483451	10642992
1783483456	12173424
1783483461	8864672
1783483466	5251344
1783483472	8777280
1783483477	6346000
1783483482	6214400
1783483487	6928656
1783483492	13848112
1783483497	14589520
1783483502	11134608
1783483507	12257488
1783483512	5083088
1783483517	3676960
1783483522	6145200
1783483527	8451728
1783483532	2002768
1783483537	4612976
1783483542	6791408
1783483547	4624784
1783483552	6780800
1783483557	7776928
1783483562	7477808
1783483568	4204800
1783483573	3980512
1783483578	5123232
1783483583	4353504
1783483588	5481136
1783483593	8258128
1783483598	5776960
1783483603	8639968
1783483608	8753968
1783483613	10730032
1783483618	4852864
1783483623	4538880
1783483628	4354992
1783483633	10744368
1783483638	8723872
1783483643	5402752
1783483648	12244624
1783483654	4546000
1783483659	7839488
1783483664	8786624
1783483669	13317408
1783483674	10285040
1783483679	10099312
1783483684	4052352
1783483689	7957744
1783483694	1531328
1783483699	4276624
1783483704	6807872
1783483709	10531968
1783483714	12963328
1783483719	8770416
1783483724	5671504
1783483729	10213504
1783483734	11716848
1783483739	11589056
1783483744	12293472
1783483749	10278912
1783483754	4189680
1783483759	3778912
1783483764	6469936
1783483769	2885296
1783483774	8615696
1783483779	4366304
1783483785	6882912
1783483790	4438016
1783483795	9311360
1783483800	9696432
1783483805	4510144
1783483810	1970720
1783483815	6242816
1783483820	9265392
1783483825	6116096
1783483830	3117184
1783483835	8309968
1783483840	9568688
1783483845	9555904
1783483850	5998544
1783483855	8831008
1783483860	9072608
1783483865	5534496
1783483870	4751408
1783483875	7356640
1783483880	7127088
1783483886	6012720
1783483891	9071904
1783483896	4953744
1783483901	7545712
1783483906	4881552
1783483911	8907264
1783483916	12039952
1783483921	9244720
1783483926	6589616
1783483931	9266976
1783483936	10827056
1783483941	9204688
1783483946	11607280
1783483951	4132560
1783483956	9267568
1783483961	6839520
1783483966	8858064
1783483971	3287488
1783483976	5623872
1783483981	10198320
1783483986	11281152
1783483991	4950832
1783483996	2407584
1783484002	6529712
1783484007	10352896
1783484012	10191920
1783484017	6962992
1783484022	7433344
1783484027	5207568
1783484032	8416720
1783484037	11320976
1783484042	5463552
1783484047	8284816
1783484052	8417952
1783484057	10903584
1783484062	7448240
1783484067	3839648
1783484072	8274304
1783484077	9512672
1783484083	13949408
1783484088	8652656
1783484093	11103504
1783484098	6541840
1783484103	3021984
1783484108	5472400
1783484113	7494048
1783484118	5147360
1783484123	11461728
1783484128	6023760
1783484133	7941792
1783484138	9677024
1783484143	8235472
1783484148	3021568
1783484153	6154752
1783484158	10936288
1783484164	4179920
1783484169	6663584
1783484174	8350960
1783484179	4388528
1783484184	10601760
1783484189	6595680
1783484194	9480448
1783484199	9383280
1783484204	13577328
1783484209	1879520
1783484214	5405760
1783484219	8065040
1783484224	2186592
1783484229	4758096
1783484234	9985904
1783484239	7750512
1783484244	9980944
1783484249	13234000
1783484254	2824704
1783484259	7755184
1783484265	5506368
1783484270	8040784
1783484275	8332032
1783484280	7748848
1783484285	10080512
1783484290	4115792
1783484295	6998160
1783484300	11397664
1783484305	8117888
1783484310	8031056
1783484315	8353968
1783484320	9063200
1783484325	14708880
1783484330	10296272
1783484335	9360160
1783484340	10398592
1783484345	5411232
1783484350	5452944
1783484355	7448208
1783484361	9392720
1783484366	10116432
1783484371	7659440
1783484376	4170384
1783484381	1869488
1783484386	9671680
1783484391	7642016
1783484396	5006016
1783484401	6950944
1783484406	6021120
1783484411	3970000
1783484417	5529216
1783484422	5925952
1783484427	10439184
1783484432	2953744
1783484437	7884608
1783484442	11121856
1783484447	4123808
1783484452	4244528
1783484457	1520864
1783484462	8072864
1783484467	4028032
1783484472	8240736
1783484477	8668128
1783484482	6150560
1783484487	4861936
1783484492	9268272
1783484497	11648944
1783484502	5150192
1783484508	2938112
1783484513	8854304
1783484518	7685152
1783484523	5525168
1783484528	5302928
1783484533	4957760
1783484538	5127504
1783484543	3645648
1783484548	8220336
1783484553	6042192
1783484558	6150096
1783484563	5122032
1783484568	4258256
1783484573	10044960
1783484578	7815008
1783484584	4635008
1783484589	3656304
1783484594	6721216
1783484599	3038928
1783484604	7555392
1783484609	5666160
1783484614	10438128
1783484619	5139440
1783484624	10133264
1783484629	8636208
1783484634	4767728
1783484639	4166288
1783484644	10169088
1783484649	5051280
1783484654	4527280
1783484659	11928960
1783484664	9592032
1783484669	11079680
1783484675	4011712
1783484680	10672320
1783484685	7200960
1783484690	9892928
1783484695	2467808
1783484700	9125568
1783484705	6804528
1783484710	8001648
1783484715	6181424
1783484720	1399680
1783484725	4472816
1783484730	6114272
1783484735	4389824
1783484740	5911664
1783484745	9772160
1783484750	10877360
1783484755	2032704
1783484760	8271472
1783484765	3592880
1783484770	7972464
1783484775	6070192
1783484780	10349360
1783484785	5992528
1783484790	5432752
1783484795	9211488
1783484800	10608544
1783484805	4207200
1783484810	7736880
1783484816	6706816
1783484821	7412640
1783484826	2872544
1783484831	7223568
1783484836	2850768
1783484841	9544592
1783484846	7358112
1783484851	9328912
1783484856	7836256
1783484861	4742976
1783484866	8535872
1783484871	3687408
1783484876	9571040
1783484881	6684624
1783484886	7351472
1783484891	4999648
1783484897	7849376
1783484902	9099312
1783484907	5220848
1783484912	4979728
1783484917	8165632
1783484922	7977824
1783484927	11705904
1783484932	13378672
1783484937	10648704
1783484942	4705376
1783484947	10802880
1783484952	6599360
1783484957	11274272
1783484962	9257696
1783484967	11019088
1783484972	4668960
1783484978	5806944
1783484983	5443264
1783484988	10895200
1783484993	13445552
1783484998	5835824
1783485003	8659504
1783485008	10609088
1783485013	3127456
1783485018	7092768
1783485023	5916736
1783485028	9058336
1783485033	6436368
1783485038	10184080
1783485044	4364096
1783485049	2880320
1783485054	6707984
1783485059	6677616
1783485064	6898896
1783485069	11182560
1783485074	10154480
1783485079	5582944
1783485084	6064560
1783485089	9271696
1783485094	10329952
1783485099	5299440
1783485104	4645744
1783485109	10266720
1783485114	11088992
1783485119	5012576
1783485125	3108912
1783485130	7668144
1783485135	9747584
1783485140	5660640
1783485145	7631904
1783485150	2414144
1783485155	6568176
1783485160	12719008
1783485165	9316992
1783485170	5228032
1783485175	10345216
1783485180	3423872
1783485185	5241168
1783485190	7919424
1783485195	11497056
1783485200	6798512
1783485205	6243776
1783485210	5109712
1783485215	10142832
1783485220	7302224
1783485225	10424032
1783485230	8289840
1783485235	4923168
1783485241	5330256
1783485246	7123584
1783485251	5567904
1783485256	6305824
1783485261	7900320
1783485266	2517888
1783485271	6950768
1783485276	2326720
1783485281	8892512
1783485286	4643808
1783485291	8062112
1783485296	5817744
1783485301	11271376
1783485306	1682864
1783485311	9349088
1783485316	6437856
1783485321	8820656
1783485326	11493648
1783485331	2209696
1783485336	6528336
1783485341	4231264
1783485346	8415056
1783485351	5127168
1783485356	6756944
1783485361	12612624
1783485366	13924768
1783485371	10043792
1783485376	13373008
1783485382	2053152
1783485387	5739216
1783485392	2568256
1783485397	9040464
1783485402	6412848
1783485407	9601568
1783485412	8334592
1783485417	6394288
1783485422	7575376
1783485427	9000992
1783485432	3017264
1783485437	6236592
1783485442	1603680
1783485447	9312112
1783485452	5522416
1783485457	8853728
1783485462	11544528
1783485467	2327680
1783485472	7354800
1783485477	2724640
1783485482	6680720
1783485487	3248960
1783485492	9804832
1783485497	6613328
1783485502	7253728
1783485507	7787344
1783485512	5902560
1783485518	5188912
1783485523	8814096
1783485528	14136160
1783485533	8824768
1783485538	11809328
1783485543	11293552
1783485548	5796784
1783485553	3336368
1783485558	8952880
1783485563	11680304
1783485568	5491104
1783485573	3265136
1783485578	7425984
1783485583	4282960
1783485588	8261664
1783485593	11313616
1783485598	2600592
1783485603	10545488
1783485608	8265472
1783485613	6323024
1783485618	4354464
1783485623	10206512
1783485628	10173968
1783485634	3589520
1783485639	8933024
1783485644	3263600
1783485649	9396672
1783485654	4253232
1783485659	7628496
1783485664	3339488
1783485669	4321792
1783485674	7695024
1783485679	10546752
1783485684	4564160
1783485689	4191968
1783485694	10656688
1783485699	8480832
1783485704	11077408
1783485709	2479888
1783485714	3912400
1783485719	7852816
1783485724	10264544
1783485729	4503360
1783485735	4086144
1783485740	5306368
1783485745	5993856
1783485750	8144288
1783485755	5367616
1783485760	5338288
1783485765	9599024
1783485770	4152256
1783485775	7523008
1783485780	5230704
1783485785	4552624
1783485790	8483072
1783485795	13048832
1783485800	7799472
1783485805	10253632
1783485810	3540032
1783485815	6110800
1783485820	4391952
1783485825	4432480
1783485831	4736384
1783485836	3959040
1783485841	5023296
1783485846	8827264
1783485851	11489744
1783485856	6236320
1783485861	9279728
1783485866	4400160
1783485871	3609424
1783485876	8122432
1783485881	10645696
1783485886	9033232
1783485891	11495296
1783485896	4602288
1783485901	5281328
1783485906	3035856
1783485911	5473504
1783485916	5983328
1783485921	8958480
1783485926	10889968
1783485931	4056752
1783485936	11732160
1783485941	8121152
1783485946	6656960
1783485951	5970016
1783485956	6200480
1783485961	9783072
1783485966	3103376
1783485971	6493520
1783485976	1351792
1783485981	8755088
1783485987	5393360
1783485992	8574880
1783485997	11755744
1783486002	2916576
1783486007	6992912
1783486012	5637424
1783486017	5430816
1783486022	5414336
1783486027	9614928
1783486032	3066592
1783486037	5987280
1783486042	1681504
1783486047	9171376
1783486052	6758768
1783486057	9257472
1783486062	13215792
1783486068	3967888
1783486073	8204848
1783486078	4102384
1783486083	10260016
1783486088	4781776
1783486093	6978624
1783486098	6379600
1783486103	3680416
1783486108	10559904
1783486113	11472272
1783486118	7136336
1783486123	8900480
1783486128	4694336
1783486133	6025280
1783486138	2856768
1783486143	8947056
1783486148	2876336
1783486153	12214320
1783486158	8920080
1783486163	12098608
1783486168	6512432
1783486173	5094720
1783486178	10751744
1783486183	8760240
1783486189	3586880
1783486194	6124496
1783486199	5278272
1783486204	7834480
1783486209	10080928
1783486214	12292608
1783486219	2489024
1783486224	8995328
1783486229	8314864
1783486234	9815088
1783486239	4388768
1783486244	7150272
1783486249	2945072
1783486254	6308528
1783486259	4755552
1783486264	4750736
1783486269	5719104
1783486274	6129216
1783486279	11567520
1783486284	9088144
1783486289	10244480
1783486294	7704016
1783486299	7531664
1783486304	8796816
1783486309	8038160
1783486314	14492768
1783486319	10800576
1783486324	6023120
1783486330	5031904
1783486335	7585664
1783486340	5346672
1783486345	5485520
1783486350	7922960
1783486355	6254528
1783486360	9257296
1783486365	10915376
1783486370	7855968
1783486375	9394528
1783486380	7933888
1783486385	10617088
1783486390	6027104
1783486395	10693088
1783486400	8406432
1783486405	6041744
1783486410	10319328
1783486415	10068048
1783486421	9903808
1783486426	7823840
1783486431	9455184
1783486436	10502416
1783486441	2074912
1783486446	10611632
1783486451	9454400
1783486456	8716688
1783486461	4294064
1783486466	6961520
1783486471	3655344
1783486476	6739280
1783486481	4639760
1783486486	11709040
1783486491	9140992
1783486496	12010608
1783486501	5272480
1783486506	7246496
1783486511	7433840
1783486516	13887072
1783486521	10623856
1783486526	7445248
1783486532	5327968
1783486537	2821712
1783486542	9708368
1783486547	8354144
1783486552	12225200
1783486557	5493280
1783486562	7483184
1783486567	7167968
1783486572	9750160
1783486577	12399328
1783486582	10888736
1783486587	3323104
1783486592	5203296
1783486597	8589360
1783486602	10749792
1783486608	1667984
1783486613	6951856
1783486618	9670048
1783486623	9787936
1783486628	9923152
1783486633	10717760
1783486638	3952480
1783486643	8014976
1783486648	5215248
1783486653	5657040
1783486658	7045872
1783486663	10237584
1783486668	2071056
1783486673	6190992
1783486678	1998976
1783486683	7463616
1783486688	6990336
1783486693	9160864
1783486698	6846208
1783486703	5617984
1783486708	4840000
1783486713	12117072
1783486718	6174592
1783486723	7787888
1783486728	5445888
1783486733	6422320
1783486738	5684672
1783486743	9145584
1783486748	11120624
1783486753	4717248
1783486759	10198176
1783486764	9394592
1783486769	10319312
1783486774	4863904
1783486779	6806896
1783486784	5814624
1783486789	7356592
1783486794	6858912
1783486799	9768144
1783486804	3555184
1783486809	5799120
1783486814	7188576
1783486819	13387968
1783486824	6292512
1783486829	7626848
1783486834	4249024
1783486839	2697632
1783486844	10020784
1783486849	9178080
1783486854	6776240
1783486859	8117632
1783486865	5531488
1783486870	4334960
1783486875	6835792
1783486880	10019120
1783486885	4612112
1783486890	3864096
1783486895	7438704
1783486900	10258192
1783486905	6174448
1783486910	5365600
1783486915	2852272
1783486920	7198448
1783486925	9740192
1783486930	5749984
1783486936	5012640
1783486941	5640352
1783486946	7269280
1783486951	9754784
1783486956	4454240
1783486961	9271808
1783486966	9829296
1783486971	9519472
1783486976	10682304
1783486981	11169488
1783486986	11975760
1783486992	4205440
1783486997	6857376
1783487002	8346016
1783487007	10999296
1783487012	13570592
1783487017	9893440
1783487022	12095008
1783487027	10849264
1783487032	11782944
1783487037	8453216
1783487042	9726704
1783487047	8138800
1783487052	7002960
1783487057	7987536
1783487062	4992688
1783487067	10476336
1783487072	12916752
1783487077	1854688
1783487082	5696368
1783487087	8341200
1783487092	7629088
1783487098	3306272
1783487103	9542400
1783487108	7337600
1783487113	10734880
1783487118	7677392
1783487123	12470288
1783487128	7202912
1783487133	9657248
1783487138	1934464
1783487143	6508608
1783487148	1922304
1783487153	6516640
1783487158	7141552
1783487163	9582832
1783487168	7011584
1783487173	6579872
1783487178	5030656
1783487183	8854992
1783487188	5001072
1783487193	4113728
1783487199	3958496
1783487204	10925872
1783487209	7290816
1783487214	10965200
1783487219	8654080
1783487224	11188304
1783487229	4896224
1783487234	7842704
1783487239	5644144
1783487244	6832512
1783487249	10436656
1783487254	9901616
1783487259	8614544
1783487264	10287808
1783487269	5957040
1783487274	6405104
1783487279	10309520
1783487284	6852736
1783487289	7141552
1783487294	5549136
1783487299	7347232
1783487305	5672608
1783487310	7874192
1783487315	4924320
1783487320	5958016
1783487325	8681056
1783487330	10989920
1783487335	2401696
1783487340	5125424
1783487345	6125440
1783487350	11521264
1783487355	3596160
1783487360	8681776
1783487365	3989584
1783487370	9902576
1783487375	4105744
1783487380	5118864
1783487385	5436320
1783487390	8516304
1783487395	4231568
1783487400	5389712
1783487405	5862528
1783487410	8200688
1783487415	5972896
1783487420	8983888
1783487425	6227344
1783487430	6965152
1783487435	8719776
1783487441	10901376
1783487446	4115648
1783487451	4968208
1783487456	7118080
1783487461	4491392
1783487466	2780816
1783487471	7399344
1783487476	6244336
1783487481	7205664
1783487486	6958528
1783487491	8893360
1783487496	2055616
1783487501	7541280
1783487506	3547472
1783487511	10034544
1783487516	7183440
1783487521	8464688
1783487526	4631808
1783487531	9227840
1783487536	6256384
1783487541	9583184
1783487547	3426112
1783487552	4190960
1783487557	8168576
1783487562	11007728
1783487567	5291024
1783487572	4520784
1783487577	5915616
1783487582	8701120
1783487587	5420240
1783487592	6955888
1783487597	4580544
1783487602	9249872
1783487607	5300016
1783487612	9204128
1783487617	6247360
1783487622	7568480
1783487627	7549840
1783487632	4179936
1783487637	8545984
1783487642	2898384
1783487647	7230240
1783487652	3344416
1783487657	6037872
1783487663	4012800
1783487668	10408032
1783487673	3415504
1783487678	5733488
1783487683	6908848
1783487688	7590992
1783487693	6623728
1783487698	9664320
1783487703	5437024
1783487708	5975072
1783487713	9486608
1783487718	10871920
1783487723	5201440
1783487728	5616112
1783487733	8396416
1783487738	9891120
1783487743	7083152
1783487748	9282816
1783487753	12932928
1783487758	11466224
1783487763	8798352
1783487768	7178192
1783487773	10198656
1783487778	13502656
1783487783	5982432
1783487788	8154544
1783487793	9440208
1783487798	11220736
1783487803	11122400
1783487809	12604720
1783487814	4051952
1783487819	8166832
1783487824	8095328
1783487829	8929952
1783487834	7272128
1783487839	11187456
1783487844	5216048
1783487849	7234784
1783487854	9363328
1783487859	4070304
1783487864	3829696
1783487869	7271136
1783487874	7690016
1783487879	5483424
1783487884	6273760
1783487889	3547136
1783487894	8648912
1783487899	8336176
1783487905	4671136
1783487910	4109536
1783487915	8095408
1783487920	5587552
1783487925	4742512
1783487930	4921600
1783487935	10027376
1783487940	4123952
1783487945	7750192
1783487950	5328784
1783487955	4045216
1783487960	7525424
1783487965	11150640
1783487970	5066688
1783487975	5225712
1783487980	4288288
1783487986	4057408
1783487991	4462672
1783487996	2227696
1783488001	5897952
1783488006	4420208
1783488011	6308448
1783488016	8568656
1783488021	10697152
1783488026	12575984
1783488031	5832960
1783488036	5344144
1783488041	9896880
1783488047	7002160
1783488052	6084336
1783488057	10232736
1783488062	11897888
1783488067	3461568
1783488072	7377344
1783488077	4062064
1783488082	8425600
1783488087	11837664
1783488092	8973120
1783488097	5047664
1783488102	8237744
1783488108	4650304
1783488113	4786320
1783488118	7146880
1783488123	4792624
1783488128	2755232
1783488133	7871536
1783488138	7710544
1783488143	4774240
1783488148	7473184
1783488153	9843696
1783488158	11622928
1783488164	3254960
1783488169	2913888
1783488174	7138128
1783488179	9289040
1783488184	3631216
1783488189	3862080
1783488194	4566944
1783488199	4020928
1783488204	7076272
1783488210	4643264
1783488215	7705264
1783488220	9835792
1783488225	4069136
1783488230	4672512
1783488235	8786464
1783488240	3399152
1783488245	7993504
1783488250	4440656
1783488255	5611584
1783488260	4928000
1783488265	7306976
1783488270	8331808
1783488276	4487552
1783488281	2867088
1783488286	7458416
1783488291	8407024
1783488296	9404160
1783488301	11525648
1783488306	12598176
1783488311	6323952
1783488316	7015904
1783488321	5048368
1783488326	6600240
1783488332	10029056
1783488337	6373696
1783488342	6027952
1783488347	5283760
1783488352	5327312
1783488357	4718768
1783488362	6705648
1783488367	5448208
1783488372	7769824
1783488377	7169040
1783488382	4998688
1783488387	7082064
1783488392	4867952
1783488397	4588336
1783488402	3544928
1783488407	5794272
1783488412	4679808
1783488418	3943776
1783488423	1877200
1783488428	5717232
1783488433	3295392
1783488438	8020672
1783488443	3909312
1783488448	6186576
1783488453	6637808
1783488458	4618480
1783488463	5580928
1783488468	10936480
1783488473	7773936
1783488478	6880560
1783488483	10445504
1783488488	4458192
1783488493	4247984
1783488499	6012112
1783488504	7316464
1783488509	7118592
1783488514	8350480
1783488519	2823232
1783488524	6225776
1783488529	4803264
1783488534	4505168
1783488539	6249152
1783488544	7925904
1783488549	6878672
1783488554	6033536
1783488559	4644384
1783488564	2645936
1783488569	6334096
1783488574	11669360
1783488579	12130160
1783488584	10724336
1783488589	2852912
1783488594	6267936
1783488599	4059568
1783488604	9126800
1783488610	4555184
1783488615	10353936
1783488620	3485696
1783488625	7447792
1783488630	4492624
1783488635	7640272
1783488640	4954272
1783488645	10196928
1783488650	3933888
1783488655	9866528
1783488660	4661456
1783488665	5587904
1783488670	9622688
1783488675	11018720
1783488681	5048304
1783488686	4574544
1783488691	10744272
1783488696	5291520
1783488701	1896448
1783488706	6357424
1783488711	7241680
1783488716	11143248
1783488721	6390032
1783488726	9116096
1783488731	4569712
1783488736	7531984
1783488741	4883424
1783488747	5900368
1783488752	6209104
1783488757	6401120
1783488762	7470624
1783488767	5070944
1783488772	9273936
1783488777	8287872
1783488782	5975232
1783488787	5210848
1783488792	8220928
1783488797	4909552
1783488802	3430928
1783488807	7026448
1783488812	7992320
1783488817	9220192
1783488822	7331760
1783488827	9038208
1783488832	4962928
1783488837	7244608
1783488842	9446368
1783488848	8111072
1783488853	10504336
1783488858	6221136
1783488863	10959328
1783488868	7518384
1783488873	7447696
1783488878	5505552
1783488883	5433328
1783488888	4761936
1783488893	3518304
1783488898	6279856
1783488903	5275120
1783488908	5001312
1783488913	5804640
1783488918	8803472
1783488923	6158960
1783488928	6231088
1783488933	8622544
1783488938	4839024
1783488944	2414880
1783488949	6866256
1783488954	7993568
1783488959	11644192
1783488964	4173584
1783488969	9318864
1783488974	5654112
1783488979	8761584
1783488984	2860640
1783488989	5572880
1783488994	3460656
1783488999	5722768
1783489004	6977312
1783489009	6935600
1783489014	7974784
1783489019	5985968
1783489024	5469216
1783489029	11633200
1783489034	12279280
1783489039	6137584
1783489044	9071440
1783489049	6803808
1783489054	6376224
1783489059	6274736
1783489065	7449680
1783489070	8769776
1783489075	8340944
1783489080	4611616
1783489085	7203744
1783489090	11408912
1783489095	1803824
1783489100	5533760
1783489105	5153568
1783489110	3540208
1783489115	10368432
1783489120	11086368
1783489125	6198032
1783489130	7214960
1783489135	7532800
1783489140	14614672
1783489145	9182512
1783489150	9590240
1783489155	9823200
1783489160	4225712
1783489165	10266672
1783489170	9843088
1783489175	4036608
1783489180	4036576
1783489186	4036512
1783489191	4036512
1783489196	4299024
1783489201	4299024
1783489206	4300224
1783489211	4662480
1783489216	4662480
1783489221	4662448
1783489226	4662448
1783489231	4662448
1783489236	4662448
1783489241	4662448
1783489246	7105856
1783489251	7105856
1783489256	7105856
1783489261	7105856
1783489266	7105856
1783489271	7105856
1783489276	7105856
1783489281	7105856
1783489286	7179584
1783489291	7310656
1783489296	7310656
1783489301	8507056
1783489306	10904928
1783489311	10783040
1783489316	10783040
1783489321	10914512
1783489326	9999280
1783489331	10147216
1783489337	7642688
1783489342	7719680
1783489347	7035024
1783489352	4744016
1783489357	4013024
1783489362	7931040
1783489367	4685760
1783489372	6075584
1783489377	4905072
1783489382	4333584
1783489387	4624848
1783489392	4518352
1783489397	4445440
1783489402	4143552
1783489407	4625776
1783489412	3453696
1783489417	3234816
1783489422	2765200
1783489427	1966304
1783489433	5928160
1783489438	6148432
1783489443	6083568
1783489448	5548864
1783489453	6444160
1783489458	5944416
1783489463	6190336
1783489468	5274976
1783489473	4764288
1783489478	4606368
1783489483	4376544
1783489488	4059664
1783489493	3303440
1783489498	2874112
1783489503	3184352
1783489508	3432352
1783489514	3749360
1783489519	3586048
1783489524	3575152
1783489529	3568768
1783489534	3578736
1783489539	3582656
1783489544	3623984
1783489549	3523760
1783489554	3712384
1783489559	3735232
1783489564	3822432
1783489569	4455856
1783489574	7038368
1783489580	4040720
1783489585	4164160
1783489590	4413072
1783489595	4261456
1783489600	4242736
1783489605	4262816
1783489610	3620272
1783489615	3587664
1783489620	3609456
1783489625	3359664
1783489630	3802912
1783489635	3766768
1783489640	3751488
1783489645	3907504
1783489650	3925760
1783489655	3809696
1783489661	3926720
1783489666	3954832
1783489671	4101056
1783489676	4234112
1783489681	4559728
1783489686	4861504
1783489691	6407072
1783489696	4705760
1783489701	4497648
1783489706	4663328
1783489711	4862752
1783489716	4605680
1783489721	2915744
1783489726	5637136
1783489731	5556096
1783489737	5226192
1783489742	4353216
1783489747	1345536
1783489752	1432352
1783489757	3053216
1783489762	5530768
1783489767	5410352
1783489772	5470320
1783489777	1322512
1783489782	531520
1783489787	6011840
1783489792	5487264
1783489797	5339552
1783489802	5911184
1783489807	5750352
1783489812	5015680
1783489817	5863808
1783489823	5541792
1783489828	3043472
1783489833	5588624
1783489838	5570960
1783489843	5459584
1783489848	5818800
1783489853	2372208
1783489858	857120
1783489863	5501744
1783489868	5669824
1783489873	6174160
1783489878	6330128
1783489883	6465568
1783489889	6351088
1783489894	7884640
1783489899	5764288
1783489904	1518304
1783489909	2174432
1783489914	7186800
1783489919	5268816
1783489924	5357296
1783489929	5360512
1783489934	5434288
1783489939	5353936
1783489944	5148288
1783489949	5182896
1783489954	5601504
1783489959	5212064
1783489964	5226256
1783489969	5351920
1783489974	5411424
1783489979	5312112
1783489984	3100736
1783489989	4798032
1783489994	3735088
1783490000	1184720
1783490005	4978832
1783490010	5290016
1783490015	5425392
1783490020	5698704
1783490025	5410240
1783490030	5250880
1783490035	4980656
